Skills,0
,4
.NET Framework,1
AAA Server (Authentication Authorization And Accounting),2
API Gateway,1
AUTomotive Open System Architecture (AUTOSAR),1
AWK (Programming Language),1
AWS Certified Cloud Practitioner,1
AWS Certified DevOps Engineer,1
AWS Certified Security Specialty,3
AWS CloudFormation,10
AWS Glue,1
Ability To Meet Deadlines,5
Academic Papers,2
Acceptance Testing,15
Access Control List,2
Access Control Matrix,2
Access Controls,30
Access Network,11
Account Management,4
Accountability,13
Accounting,6
Active Directory,18
Active Directory Federation Services,2
Active Listening,2
Active Server Pages (ASP),3
Adaptability,3
Administrative Functions,2
Administrative Support,3
Advanced Analytics,7
Advanced Business Application Programming (ABAP),3
Advanced Cardiovascular Life Support (ACLS) Certification,2
Advanced Encryption Standard (AES),2
Advertisement,3
Advising,20
Advocacy,14
Agile Methodology,98
Agile Project Management,1
Agile Software Development,5
Air Traffic Management,4
Akamai,1
Alarm Devices,1
Algorithm Design,4
Algorithms,17
Alibaba Cloud,2
Amazon API Gateway,1
Amazon CloudWatch,2
Amazon Elastic Container Service,2
Amazon Inspector,1
Amazon Redshift,2
Amazon Web Services,79
American Institute Of Architects,1
Analytical Dashboard,2
Analytical Procedures,1
Analytical Skills,42
Analytical Techniques,2
Analytical Thinking,3
Analytics,6
Android (Operating System),7
Angular (Web Framework),4
Animations,4
Anomaly Detection,3
Ansible,35
Anti Money Laundering,2
Anti-Spam Techniques,5
Antivirals,1
Anycast,3
Apache Airflow,4
Apache Beam,1
Apache Cassandra,1
Apache Flink,4
Apache Flume,2
Apache Hadoop,7
Apache Hive,8
Apache Kafka,10
Apache Lucene,1
Apache Maven,1
Apache OpenOffice,1
Apache Spark,9
Appium,1
Apple IOS,10
Apple Products,1
Application Deployment,2
Application Design,3
Application Development,53
Application Firewall,14
Application Frameworks,1
Application Layers,1
Application Lifecycle Management,1
Application Packaging,1
Application Performance Management,2
Application Programming Interface (API),40
Application Security,52
Application Security Testing,6
Application Services,3
Applications Architecture,2
Applied Mathematics,1
Applied Research,6
Arbitration,1
ArcSight Enterprise Security Manager,6
Architectural Design,18
Architectural Models,1
Architectural Patterns,1
Argo CD,1
Artificial Intelligence,72
Artificial Intelligence Markup Language (AIML),5
Artificial Neural Networks,2
Aruba (Network Management Software),5
Aruba Certified ClearPass Professional (ACCP),1
Aruba ClearPass,9
Assembly Language,1
Assertiveness,3
Asset Classes,3
Asset Management,16
Atlassian Confluence,5
Attack Surface Management,12
Audit Engagements,1
Audit Management,2
Audit Planning,2
Audit Risk,2
Audit Working Papers,1
Auditing,157
Auditor's Report,2
Authentication Protocols,1
Authentications,41
Authorization (Computing),10
AutoCAD,1
Autodesk Revit,1
Automated Clearing House,2
Automated Teller Machine,1
Automation,119
Automotive Finance,2
Automotive Industry,2
Autonomous Vehicles,1
Availability Management,1
Aviation,3
Axure RP,1
Azure Active Directory,6
Azure Cloud Services,1
Azure Data Explorer (Kusto),1
Azure Data Factory,1
Azure DevOps,1
Azure Logic Apps,1
Azure Security,3
Azure Sentinel,4
BACnet,1
Backbone Network,2
Backbone.js (Javascript Library),1
Backup Devices,9
Bahasa Language,1
Balancing (Ledger/Billing),10
Bank Insurance Model (BIM),1
Banking,11
Banking Services,13
Bare Metal,1
Bash (Scripting Language),19
Battery Management,1
Behavioral Analytics,3
Benchmarking,4
Bidding,3
Bidirectional-Streams Over Synchronous HTTP (BOSH),1
Big Data,16
Big Data Analytics,2
BigQuery,1
Bilingual (Spanish/English),1
Binance,1
Biotechnology,1
BitLocker Drive Encryption,1
Bitbucket,8
Bitcoin,1
Black-Box Testing,7
Blockchain,8
Blockchain Security,2
Blogs,5
Bluecoat Proxies,5
Blueprinting,6
Bond Credit Rating,1
Booking (Sales),1
Border Gateway Protocol,44
Brainstorming,1
Brand Awareness,1
Brand Communication,1
Brand Positioning,1
Branding,2
Bridge Design,1
Bridge Engineering,1
Broadband,7
Broadcast Operations,1
Broadcasting,1
Browser Compatibility,2
Browser Extension,1
Budget Management,1
Budget Support,1
Budgeting,12
Buffer Overflow,4
Building Automation,1
Building Codes,1
Building Management,1
Built Environment,1
Burp Suite,7
Business Acumen,3
Business Administration,4
Business Analysis,3
Business Analytics,2
Business Architecture,1
Business Case,2
Business Continuity,18
Business Continuity Planning,15
Business Development,20
Business Ethics,3
Business Intelligence,1
Business Intelligence Tools,1
Business Logic,1
Business Metrics,3
Business Negotiation,1
Business Networking,3
Business Objectives,19
Business Objects Framework,1
Business Operations,6
Business Planning,8
Business Priorities,1
Business Process,25
Business Process Automation,3
Business Process Management,2
Business Process Outsourcing,2
Business Relationship Management,2
Business Reporting,2
Business Requirements,26
Business Requirements Documentation,1
Business Risk Management,5
Business Software,3
Business Strategies,15
Business Support Systems,5
Business Systems,3
Business Technologies,9
Business To Business,2
Business Valuation,7
C (Programming Language),21
C-Based Programming Languages,1
CI/CD,37
CISCO Certified Network Professional - Security,4
COBOL (Programming Language),1
Call Center Experience,1
Calmness Under Pressure,1
Camtasia Studio,1
Cantonese Chinese,1
Capability Development,1
Capacity Planning,1
Capacity Utilization,2
Capital Budgeting,1
Capital Markets,10
Cardiology,1
Cascading Style Sheets (CSS),2
Case Management,3
Cellebrite (Digital Intelligence Software),1
Certificate Of Cloud Security Knowledge,3
Certification In Control Self-Assessment,1
Certification Structure Oversight Committee (CSOC),1
Certified Business Analysis Professional,1
Certified Business Continuity Professional,1
Certified Case Manager (CCM),5
Certified Cloud Security Professional (CCSP),14
Certified Computer Examiner,1
Certified Cyber Forensics Professional,1
Certified Ethical Hacker,43
Certified Financial Risk Management,1
Certified Forensic Computer Examiner,1
Certified In Risk And Information Systems Control,24
Certified In The Governance Of Enterprise IT,4
Certified Information Security Manager,77
Certified Information System Auditor (CISA),80
Certified Information Systems Security Professional,175
Certified Internal Auditor,1
Certified Internet Webmaster,1
Certified Penetration Testing Engineer (CPTE),1
Certified Risk Analyst,3
Certified Scrum Master,1
Certified Scrum Product Owner,1
Certified Secure Software Lifecycle Professional,3
Chainlink,1
Change Control,4
Change Management,32
Change Requests,23
Channel Sales,1
Chassis,1
Checklists,7
Checkmarx,2
Chef (Configuration Management Tool),12
Cheque Truncation Systems,2
Chinese Language,1
Cisco Adaptive Security Appliance (ASA),6
Cisco Certified Design Associate,3
Cisco Certified Internetwork Expert,19
Cisco Certified Internetwork Expert (CCIE) Routing And Switching,2
Cisco Certified Internetwork Expert Security (CCIE Security),2
Cisco Certified Network Associate,27
Cisco Certified Network Associate Security (CCNA Security),1
Cisco Certified Network Professional,35
Cisco Certified Security Professional,3
Cisco Discovery Protocol,1
Cisco IOS,3
Cisco Meraki,1
Cisco Networking,2
Cisco PIX,6
Cisco Routers,2
Cisco Systems VPN Client,1
Cisco Unified Communications Manager,1
Cisco firePOWER,7
Claroty,4
ClickHouse DBMS,3
Client Education,1
Client Services,1
Climate Engineering,1
Cloud Access Security Broker Tools (CASBs),4
Cloud Applications,1
Cloud Automation,3
Cloud Computing,27
Cloud Computing Architecture,11
Cloud Database,1
Cloud Development,3
Cloud Forensics,1
Cloud Foundry,1
Cloud Hosting,5
Cloud Infrastructure,17
Cloud Migration,5
Cloud Operations,4
Cloud Security,68
Cloud Security Applications,5
Cloud Security Architecture,6
Cloud Security Strategy,1
Cloud Services,21
Cloud Strategy,1
Cloud Technologies,16
Cloud-Native Applications,2
Cloud-Native Computing,7
Cloudflare,8
Coaching,21
Code Access Security,2
Code Analysis,2
Code Comments,2
Code Review,22
Codebase,1
Cognitive Radio,1
Cold Calling,1
Collaboration,12
Collaborative Research,1
Collaborative Software,2
Collateral Management,1
Collections,3
Colocation,4
Command Controls,4
Command-Line Interface,5
Commercial Banking,5
Commissioning,6
Common Criteria (IT Framework),2
Common Lisp Object Systems,2
Common Vulnerability Scoring System (CVSS),1
Communications,316
Communications Protocols,6
Communications Security,2
Communications Systems,2
Community Development,1
CompTIA Advanced Security Practitioner (CASP+),2
CompTIA Certification,2
CompTIA Cybersecurity Analyst (CySA+),1
CompTIA Network+,1
CompTIA Security+,8
Compassion,36
Competency-Based Development,6
Competitive Analysis,1
Compilers,1
Complex Networks,10
Complex Problem Solving,2
Compliance Auditing,3
Compliance Management,5
Compliance Reporting,4
Compliance Risk,7
Component Libraries,1
Composure,2
Computational Fluid Dynamics,1
Computational Tools,1
Computer Architecture,2
Computer Engineering,57
Computer Forensics,6
Computer Graphics,1
Computer Hacking Forensic Investigator,1
Computer Hardware,3
Computer Networks,27
Computer Programming,1
Computer Science,314
Computer Security,8
Computer Systems,1
Computer-Integrated Manufacturing,1
Computing Platforms,6
Concision,1
Configuration Management,16
Configuration Management Databases,5
Conflict Resolution,2
Connected Data Objects,1
Connected Devices,1
Consolidation,1
Constructive Feedback,4
Consulting,74
Consumer Lending,1
Container Security,4
Containerization,8
Content Creation,23
Content Delivery Networks,7
Content Filtering,3
Content Management,1
Contingency Planning,5
Continuous Auditing,1
Continuous Delivery,2
Continuous Improvement Process,3
Continuous Integration,8
Continuous Monitoring,14
Contract Drafting,1
Contract Management,4
Contract Negotiation,2
Contract Of Sale,1
Contractor Management,3
Control Objectives For Information And Related Technology (COBIT),9
Control Systems,1
Control-M (Batch Scheduling Software),1
Convergent Technologies Operating Systems,1
Conversion Marketing,1
Cooperation,13
Coordinating,29
Corporate Data Management,1
Corporate Finance,2
Corporate Security,5
Corporate Services,1
Corporate Strategy,1
Corrective And Preventive Action (CAPA),1
Corrective Maintenance,2
Correlation Analysis,1
Cost Benefit Analysis,1
Cost Control,1
Cost Estimation,1
Cost Management,1
Courage,22
Creative Problem Solving,5
Creative Thinking,8
Creativity,57
Credit Facilities,1
Credit Risk,2
Crisis Management,6
Critical Design Review (CDR),1
Critical Thinking,20
Cross-Site Request Forgery,1
Cryptocurrency,2
Cryptocurrency Exchanges,1
Cryptocurrency Wallets,1
Cryptographic Protocols,1
Cryptography,53
Crystal Reports (Reporting Software),2
Curiosity,53
Custom Scripting,6
Custom Software,1
Customer Advocacy,2
Customer Data Management,4
Customer Demand Planning,2
Customer Empowerment,1
Customer Engagement,1
Customer Information Control System (CICS),1
Customer Inquiries,1
Customer Relationship Management,11
Customer Retention,1
Customer Service,61
Customer Success Management,4
Customer Support,7
Cyber Defense,6
Cyber Engineering,29
Cyber Governance,10
Cyber Hygiene,3
Cyber Incident Response,26
Cyber Investigations,1
Cyber Kill Chain Framework,11
Cyber Operations,31
Cyber Resilience,18
Cyber Risk,46
Cyber Safety,1
Cyber Security,423
Cyber Security Assessment,20
Cyber Security Management,17
Cyber Security Policies,17
Cyber Security Policy Development,1
Cyber Security Standards,10
Cyber Security Strategy,12
Cyber Security Systems,9
Cyber Threat Hunting,34
Cyber Threat Intelligence,115
CyberArk,21
CyberX,2
Cybercrime,7
Cybersecurity Compliance,9
DDoS Mitigation,2
DNA Sequencing,1
Dairy Farming,1
Dashboard,19
Data Access,6
Data Acquisition,4
Data Administration,1
Data Analysis,61
Data Architecture,4
Data Capture,1
Data Centers,23
Data Classification,5
Data Cleansing,1
Data Collection,6
Data Discovery,3
Data Encryption,1
Data Engineering,10
Data Flow Diagram,1
Data Governance,15
Data Infrastructure,12
Data Ingestion,5
Data Integration,4
Data Integrity,4
Data Intelligence,3
Data Lakes,1
Data Localization,1
Data Loss Prevention,23
Data Management,17
Data Manipulation,1
Data Mapping,1
Data Mart,1
Data Masking,2
Data Migration,1
Data Mining,3
Data Modeling,12
Data Pipelines,8
Data Preprocessing,1
Data Processing,4
Data Processing Systems,2
Data Quality,7
Data Recording,5
Data Retention,1
Data Science,44
Data Security,41
Data Sharing,2
Data Storage,12
Data Strategy,3
Data Streaming,1
Data Structures,15
Data Synthesis,1
Data Transformation,4
Data Transmissions,4
Data Transport Utility,3
Data Validation,3
Data Visualization,8
Data Warehousing,2
Data Wrangling,1
Database Activity Monitoring,4
Database Administration,1
Database Architecture,3
Database Design,1
Database Development,1
Database Encryption,2
Database Security,6
Database Servers,2
Database Systems,3
Database Virtualization,1
Databricks,3
Datadog,3
Dataflow,5
Dealing With Ambiguity,3
Debating,1
Debugging,17
Decision Making,31
Decision Support Systems,1
Decisiveness,4
Deep Learning,4
Deep Packet Inspection,2
Defence Engineering,11
Delivery Focused,2
Delivery Performance,1
Delivery Pipelines,1
Demilitarized Zones (DMZ),2
Demonstration Skills,7
Denial-Of-Service (DoS) Attacks,4
Deployment Project,6
Deployment Support,1
Deposit Accounts,1
Design Elements And Principles,3
Design Reviews,5
Design Specifications,1
Design Thinking,1
Desktop Support,3
Detail Oriented,3
DevOps,40
DevSecOps,30
Development Environment,7
Development Management,5
Development Testing,6
Device Management,4
Digital Assets,10
Digital Banking,4
Digital Communications,1
Digital Content,2
Digital Data,2
Digital Forensics,18
Digital Marketing,2
Digital Product Management,1
Digital Rights Management,1
Digital Sales,1
Digital Security,5
Digital Signature,1
Digital Technology,3
Digital Transformation,60
Digitization,6
Directory Service,1
Disabilities,1
Disassembler,1
Disaster Recovery,25
Disaster Recovery Plan,4
Distributed Computing,3
Distributed Control Systems,3
Distributed Data Store,1
Distributed Denial-Of-Service (DDoS) Attacks,13
Django (Web Framework),3
Docker (Software),18
Docker Container,1
Docker Swarm,2
DocuSign (Software),1
Document Control,3
Document Review,2
Document-Oriented Databases,1
Domain Controllers,2
Domain Name System,3
Domain Name System Security Extensions,2
Due Diligence,10
Dynamic Application Security Testing (DAST),4
Dynamic Host Configuration Protocol (DHCP),24
Dynamic Multipoint Virtual Private Networks,2
E-Commerce,8
EVPN (Ethernet VPN),2
Early Intervention,1
Economic Growth,3
Economics,2
Editing,1
Elastic (ELK) Stack,2
Elasticsearch,4
Electric Power Transmission,2
Electric Vehicles,1
Electrical Engineering,14
Electro-Optics,1
Electronic Access Control,1
Electronic Discovery,1
Electronic Engineering,25
Electronic Medical Record,1
Electronic Systems,3
Electronic Trading Platform,1
Electronic Warfare,1
Electronics,3
Embedded Systems,4
Emergency Medical Services,1
Emergency Preparedness,1
Emergency Procedures,1
Emergency Response,1
Emerging Risk,7
Emerging Technologies,26
Emotional Intelligence,2
Empathy,4
Employee Coaching,1
Empowerment,1
EnCase (Digital Intelligence Software),3
Encompass (Mortgage Software),1
Encryption,30
Encryption Software,2
End-User Training And Support,1
Endocrinology,1
Endpoint Detection And Response,44
Endpoint Management,4
Endpoint Security,43
Energetic,8
Energy Management,1
Energy Technology,1
Engineering Change Order,1
Engineering Design Process,4
Engineering Support,5
Engineering Validation Tests,1
English Language,65
Enhanced Interior Gateway Routing Protocols,8
Enterprise Application Integration,1
Enterprise Application Software,12
Enterprise Architecture,9
Enterprise Architecture Framework,1
Enterprise Document Management System,2
Enterprise Information Management,1
Enterprise Integration,3
Enterprise Search,1
Enterprise Security,22
Enthusiasm,23
Entrepreneurship,5
Environment Health And Safety,1
Environmental Protocols,1
Environmental Social And Corporate Governance (ESG),7
Epidemiology,1
Equipment Engineering,3
Equipment Maintenance,1
Equipment Service Management And Rental,1
Equities,2
Escalation Management,1
Espionage,1
Ethereum,2
Ethernet,3
Ethical Hacking,5
Ethical Standards And Conduct,11
Event Management,18
Event Monitoring,1
Event Tracking,1
Evidence Collection,1
Exception Reporting,2
Executive Information Systems,2
Executive Presence,1
Executive Presentations,1
Executive Protection,1
Exhibitions,2
Expectation Management,3
Experience Design,7
Experimentation,8
Exploratory Data Analysis,2
Export Administration Regulations,3
Export Control,3
Extensible Markup Language (XML),1
External Auditing,17
Extract Transform Load (ETL),7
Facebook Advertising,1
Facility Management,2
Factory And Site Acceptance Testing,1
Failover,2
Family And Medical Leave Act Of 1993,1
FastTrack,1
Fat Client,6
Fault Detection And Isolation,1
Fault Management,3
Feasibility Studies,7
Feature Extraction,1
Federal Emergency Management Agency (FEMA),1
Fiber-Optic Communications,1
Field Marketing,1
Field Testing,1
Figma (Design Software),1
File Systems,2
File Transfer Protocol (FTP),7
Filing,1
Finance,21
Financial Data,1
Financial Institution,5
Financial Literacy,1
Financial Market,2
Financial Planning,3
Financial Risk,1
Financial Services,47
Financial Technology (FinTech),17
Finite Element Methods,1
Firewall,153
Firmware,9
Firmware Updates,1
Flask (Web Framework),2
Focus Group,1
Food Services,1
Forecasting,6
Foreign Language,1
Forensic Engineering,2
Forensic Sciences,20
Forensic Toolkits,1
Fortinet,21
Fraud Investigation,1
Freight Forwarding,1
Front End (Software Engineering),1
Front End Design,8
Front Office,1
Full Stack Development,2
Functional Design,1
Functional Requirement,2
Functional Safety,4
Functional Skills Qualification,2
Futures Exchange,1
Fuzz Testing,9
GIAC Assessing and Auditing Wireless Networks,1
GIAC Certifications,65
GIAC Certified Enterprise Defender (GCED),2
GIAC Certified Forensic Examiner,3
GIAC Certified Forensics Analyst,9
GIAC Certified Incident Handler,24
GIAC Certified Intrusion Analyst,12
GIAC Cyber Threat Intelligence,5
GIAC Exploit Researcher And Advanced Penetration Tester,2
GIAC Global Industrial Cyber Security Professional,2
GIAC Information Security Fundamentals,1
GIAC Mobile Device Security Analyst (GMOB),1
GIAC Network Forensic Analyst,7
GIAC Penetration Tester,5
GIAC Reverse Engineering Malware,10
GIAC Security Essentials Certification (GSEC),14
GIAC Web Application Penetration Tester,1
GNU Debuggers,3
Game Theory,1
Gap Analysis,7
Gcloud,1
General Data Protection Regulation (GDPR),15
General Security,3
Generic Routing Encapsulation,1
Geographic Information Systems,5
Geopolitics,4
Geotechnical Engineering,1
German Language,3
Git (Version Control System),18
Github,9
Gitlab,4
Global Financial Systems,1
Global Management,1
Global Marketing,4
Go (Programming Language),42
Goal-Oriented,1
Good Manufacturing Practices,1
Google Analytics,1
Google Cloud Platform (GCP),9
Google Cloud Security,3
Google Sheets,1
Google Workspace,1
Governance,98
Governance Risk Management And Compliance,12
Gradle,1
Grafana,6
Grant Applications,1
Graph Database,2
GraphQL,2
Green Infrastructure,3
Greenplum,1
Grep,1
Group Policy,5
Growth Mindedness,9
Growth Strategies,1
Guarding,2
HP BladeSystems,1
HVAC,1
HackerOne,1
Hand Mentor,1
Hardening,32
Hardware Architecture,1
Hardware Configuration Management,1
Hardware Design,5
Hardware Platform Interface,1
Hardware Security,2
Hardware Security Module,4
Hardware Troubleshooting,4
Hardware Virtualization,1
Hazard Categorization,1
Health Economics,1
Health Equity,2
Health Informatics,2
Health Insurance Portability And Accountability Act (HIPAA) Compliance,4
Health Technology,1
Healthcare Analytics,2
Healthcare Industry Knowledge,13
Healthcare Strategy,1
Help Desk Support,6
High Availability Design,3
High Performance Computing,4
High Voltage,1
High-Frequency Trading,1
High-Level Architecture,1
Higher Education,1
Honeypots (Computing),1
Host Based Security System (HBSS),2
Host-Based Intrusion Detection Systems,3
Hot Standby Router Protocol,4
Hotelling,1
Housekeeping,1
Human Capital,1
Human Intelligence,1
Hybrid Cloud Computing,16
Hyper-V,7
HyperText Markup Language (HTML),4
Hypervisor,2
IBM AIX,1
IBM Cloud Computing,2
IBM Guardium,1
IBM QRadar (SIEM Software),8
IBM Rational ClearCase,1
IBM Resource Access Control Facility,1
IBM SAN Volume Controllers,1
IBM VNET,1
IBM WebSphere MQ,2
IBM Websphere Application Server,1
IDA Pro,3
IP Address Management (IPAM),1
IP Addressing,6
IP Routing,1
IPTV,1
ISO/IEC Standards,1
IT Capacity Management,16
IT Infrastructure,2
IT Risk Management,1
IT Security Architecture,44
IT Security Documentation,3
IT Service Management,9
ITIL Certifications,4
ITIL Foundation Certification,3
Ideation,4
Identity And Access Management,37
Identity Services Engine,11
IdentityIQ,3
Imagination,3
Impact Assessment,1
Imperva,6
Incident Communication,1
Incident Management,35
Incident Reporting,22
Incident Response,139
Incident Response Management,5
Independent Thinking,1
Industrial Control Systems,7
Industrial Engineering,2
Industrial Internet Of Things (IIoT),3
Industry Analysis,1
InfiniBand,2
Influencing Skills,39
InfluxDB,1
Infographics,1
Information Access,1
Information And Communications Technology,26
Information Assurance,3
Information Gathering,4
Information Governance,7
Information Infrastructure,6
Information Management,4
Information Privacy,52
Information Retrieval,1
Information Security Management,3
Information Security Management Systems,12
Information Sharing,2
Information Synthesis,1
Information Systems,54
Information Systems Security,10
Information Technology,154
Information Technology Consulting,3
Information Technology Infrastructure Library,42
Information Technology Security Auditing,11
Informed Consent,2
Infrastructure Architecture,1
Infrastructure As A Service (IaaS),7
Infrastructure Automation,5
Infrastructure Management,2
Infrastructure Security,40
Ingenuity,2
Innovation,216
Input/Output,2
Inside Sales,1
InsightVM (Vulnerability Scanning Software),1
Institutional Investing,5
Instrumentation,1
Insulated-Gate Bipolar Transistor,1
Integrated Care,1
Integrated Service Routers,3
Integration Testing,6
Intellectual Curiosity,9
Intellectual Property,1
Intelligence Agency,2
Intelligence Analysis,7
Intelligence Gathering,2
Intelligent Networks,9
Intercom,1
Intercultural Competence,1
Internal Auditing,18
Internal Communications,1
Internal Controls,10
Internal Documentation,1
International Business,1
International Classification Of Diseases,3
International Finance,2
International Financial Reporting Standards,1
International Relations,3
International Software Testing Qualifications Board (ISTQB) Certified,1
International Standards,2
Internet Of Things (IoT),22
Internet Protocol Security (IP SEC),25
Internet Protocol Telephony,3
Internet Protocols Suite,10
Internet Research,2
Internet Security,3
Internet Strategy,4
Internetworking,2
Interoperability,7
Interpersonal Communications,88
Intranet,1
Intrapulmonary Percussive Ventilator,5
Intrusion Detection And Prevention,19
Intrusion Detection Systems,8
Intrusion Prevention Systems,1
Inventory Management System,1
Inventory Staging,4
Investigation,46
Investment Banking,7
Investment Management,6
Investments,14
Invoice Matching,1
Invoicing,3
Iperf,1
Issue Tracking,4
Iterative And Incremental Development,1
JIRA,13
JQuery,3
JSON,3
JSON Web Token (JWT),1
Jamf,1
Java (Programming Language),47
Java Enterprise Edition,4
Java XML,3
JavaScript (Programming Language),26
Jenkins,10
Jitter,1
Job Safety Analysis,1
Joint Ventures,4
Journalism,2
Juniper Network Certified Internet Professional (JNCIP),3
Juniper Network Technologies,17
Juniper Networks Certified Internet Expert,1
Juniper Routers,1
Junos,2
Kaizen Methodology,1
Kali Linux,2
Kernel Debuggers,1
Kernel-Based Virtual Machine,6
Key Management,10
Key Performance Indicators (KPIs),22
Key Risk Indicator,6
Knowledge Management,3
Knowledge Transfer,3
Knowledge-Based Systems,2
Kotlin,1
Kubernetes,20
Labor Law,2
Landscaping,1
Language Experience Approach,1
Languages Of Asia,1
Large Language Modeling,1
Law Enforcement,2
Lawsuits,1
Leadership,98
Leadership Development,1
Learning Development,45
Learning Management Systems,1
Learning Strategies,1
Learning Styles,1
Learning Support,1
Lecturing,1
Legal Knowledge,1
Legal Risk,1
Legislation,2
LenelS2 (Access Control System),2
Life Sciences,1
Life Support,1
Lifelong Learning,3
Lightweight Directory Access Protocols,3
Linux,69
Linux Administration,1
Linux Security Modules,2
Linux Servers,3
Linux Virtual Server,1
Live Streaming,2
Load Balancing,12
Load Testing,1
Loan Processing,1
Loans,2
Local Area Networks,19
Local Security Policy,1
Log Analysis,30
Log Management And Intelligence,6
Log Monitoring,6
Logic Optimization,1
Logical Reasoning,2
Logical Security,1
Loss Prevention,1
Low Latency,2
Luigi (Python Package),1
MISRA C (C Programming Language),2
MLOps (Machine Learning Operations),1
MLflow,1
MPLS VPN,2
Mac OS,9
Mac OS X,1
Machine Learning,27
Machine Learning Algorithms,1
Machine-Generated Data,1
Maintainability,2
Maintenance Engineering,2
Malware Analysis,23
Malware Detection,1
Malware Reverse Engineering,1
Managed Services,11
Management,259
Management By Exception,2
Management Consulting,6
Management Contract,1
Management Control,1
Management Information Systems,2
Management Reporting,10
Mandarin Chinese,17
Manual Testing,1
Manufacturing Operations,1
Maritime Logistics,1
Market Analysis,1
Market Dynamics,1
Market Intelligence,1
Market Liquidity,1
Market Opportunities,1
Market Positioning,2
Market Requirements Documents,2
Market Research,1
Market Risk,1
Market Share,1
Market Trend,2
Marketing,11
Marketing Communications,1
Marketing Management,1
Marketing Materials,1
Marketing Strategies,2
Mass-Casualty Incident,5
Materials Technology,1
Mathematical Analysis,3
Mathematics,21
Matrix Management,1
Media Access Controls,1
Medical Devices,4
Medical Prescription,1
Medical Response Technician,9
Mental Health,9
Mental Health Act,2
Mentorship,27
Merchandising,1
Mesh Networking,1
Message Queuing Telemetry Transport (MQTT),1
Metabolism,1
Metadata,3
Metal Forming,1
Metasploit,5
Metro Ethernet,1
Micro Focus,1
MicroStrategy,1
Microcontrollers,2
Microelectronics,1
Microservices,8
Microsoft Access,5
Microsoft Analysis Services,1
Microsoft Azure,72
Microsoft Azure Expressroute,1
Microsoft Certified Professional,2
Microsoft Certified Systems Administrator,1
Microsoft Certified Systems Engineer,5
Microsoft Certified: Azure Administrator Associate,1
Microsoft Certified: Azure Solutions Architect Expert,1
Microsoft Excel,18
Microsoft Forefront Threat Management Gateway,2
Microsoft Intune (Mobile Device Management Software),4
Microsoft Management Console,1
Microsoft Office,18
Microsoft Office Project (MOPS),2
Microsoft OneNote,1
Microsoft Operating Systems,1
Microsoft Outlook,3
Microsoft Power Automate/Flow,3
Microsoft Power Platform,1
Microsoft PowerPoint,9
Microsoft SQL Servers,7
Microsoft Security Development Lifecycle,2
Microsoft Security Essentials,3
Microsoft SharePoint,5
Microsoft Solutions Framework,1
Microsoft Teams,2
Microsoft Visual Studio,1
Microsoft Windows XP,1
Microsoft Word,5
Middle Office,1
Middleware,5
Midrange Computer,1
Milestones (Project Management),3
Mitigating Control,1
Mitigation,54
Mobile Application Development,12
Mobile Device Management,3
Mobile Devices,1
Mobile Security,2
Modbus,1
Modularity,2
MongoDB,6
Mortgage-Backed Securities,2
Motor Control,1
Multi-Cloud,6
Multi-Factor Authentication,2
Multi-Tenant Cloud Environments,1
Multicasting,7
Multiplatform,9
Multiprotocol Label Switching,22
Multitasking,40
Multitier Architecture,2
Multitopology Routing Configuration,1
MySQL,6
NIST Cybersecurity Framework (CSF),25
Nagios,1
Natural Language Processing,3
Nearshoring,1
Needs Assessment,3
Negotiation,15
Nessus,5
Net Zero,2
NetApp Applications,2
NetFlow,3
Netscaler,1
Netskope,1
Network Access Control,16
Network Address Translation,3
Network Administration,9
Network Analysis,9
Network Appliances,3
Network Architecture,32
Network Automation,12
Network Configuration And Change Management,5
Network Control,3
Network Diagnostics,4
Network Diagrams,3
Network Engineering,28
Network Forensics,3
Network Functions Virtualization,2
Network Infrastructure,66
Network Installation Services,1
Network Intrusion Detection And Prevention,2
Network Layer,2
Network Load Balancing,1
Network Management System,1
Network Monitoring,17
Network Operating System (NOS),4
Network Packet,2
Network Performance Management,20
Network Planning And Design,24
Network Protocol Analysis,1
Network Protocols,31
Network Provisioning,1
Network Quality Of Service (QoS),7
Network Routing,62
Network Security,127
Network Security Design,5
Network Security Services,1
Network Segmentation,6
Network Service,3
Network Storage,2
Network Support,1
Network Switches,44
Network Testing,1
Network Theory,2
Network Time Protocols,9
Network Topology,6
Network Troubleshooting,19
Network Virtualization,6
Networking Cables,3
Networking Hardware,21
Neurology,1
New Product Development,19
Nexpose (Vulnerability Scanning Software),1
Next-Generation Networks,1
Nginx,5
Nmap,4
NoSQL,13
Node.js (Javascript Library),8
Nodes (Networking),2
Notion (Software),1
Nuix (eDiscovery Software),1
Nutanix,3
OAuth,3
OSI Models,4
OTN,3
Object-Oriented Programming (OOP),1
Object-Relational Mapping,2
Objective Setting,1
Objective-C (Programming Language),1
Observability,3
Occupational Safety And Health,1
Offensive Security,5
Offensive Security Certified Professional,40
Offensive Security Wireless Professional,1
Office 365 Exchange Online,1
Office Equipment,1
Offshoring,1
Oil And Gas,1
Okta,2
OllyDBg,3
On-Time Performance,1
Oncology,1
OneTrust (Software),1
Online Databases,1
Online Service Provider,2
Online Transaction Processing,1
Open Mindset,5
Open Shortest Path First (OSPF),24
Open Source Intelligence,5
Open Source Technology,1
Open Systems Interconnection,5
Open Web Application Security Project (OWASP),22
OpenAPI,3
OpenFOAM,1
OpenID,1
OpenShift,1
OpenStack,2
Operating Expense,2
Operating System Level Virtualization,1
Operating Systems,76
Operational Auditing,1
Operational Data Store,6
Operational Databases,1
Operational Efficiency,19
Operational Excellence,8
Operational Planning,1
Operational Risk,6
Operational Risk Management,4
Operational-Level Agreement,1
Operationalization,1
Operations,233
Operations Management,8
Operations Research,9
Operations Security,14
Operations Support Systems,21
Optical Communication,1
Optical Engineering,1
Optical Time-Domain Reflectometer,1
Optical Transport Networks,3
Optimism,1
Optimization Software,1
Optometry,3
Oracle Databases,4
Oracle Identity Manager,2
Oracle WebLogic Server,2
Order Delivery,1
Order Management,1
Order Management Systems,1
Ordinances,3
Organic Growth,1
Organizational Architecture,1
Organizational Change Management,1
Organizational Culture Change,1
Organizational Skills,16
Organizational Strategy,1
Organizational Structure,2
Outside Plant,3
Outsourcing,6
PHP (Scripting Language),9
PIC Microcontrollers,1
Packaging And Labeling,3
Packet Analyzer,7
Packet Loss,1
Palo Alto Firewalls,7
Pandas (Python Package),1
Parsing,2
Passive Optical Networks,3
Patch Management,20
Patch Panels,2
Patient Treatment,2
Patrolling,2
Pattern Recognition,3
Paving,2
Payment Card Industry (PCI) Data Security Standards,20
Payment Service Provider,1
Payment Systems,1
Pedagogy,2
Pediatric Emergency Assessment Recognition And Stabilization (PEARS),1
Peer Review,3
Pega Certified Lead System Architect,3
Pega Certified Senior System Architect,3
Pega Certified System Architect,3
Penetration Testing,94
People Management,10
Performance Analysis,2
Performance Appraisal,1
Performance Management,9
Performance Metric,4
Performance Reporting,1
Performance Review,1
Performance Systems Analysis,2
Performance Testing,1
Performance Tuning,8
Peripheral Devices,2
Perl (Programming Language),13
Persistence,3
Persistent Data Structure,1
Personal Finance,1
Personal Firewall,1
Personal Integrity,4
Persuasive Communication,7
Petrochemical,1
Pharmaceuticals,2
Phishing,14
Phone Sales,2
Physical And Environmental Security,1
Physical Computing,1
Physical Security,10
Physical Security Operations,3
Physics,4
Ping (Networking Utility),1
Pinterest,1
Planning,72
Platform As A Service (PaaS),5
Podcasting,2
Policy Analysis,1
Policy Development,5
Policy Enforcement,1
Policy Evaluation,1
Policy Research,1
Political Philosophy,1
Political Sciences,2
Portfolio Management,2
Portfolio Positioning,1
Portuguese Language,1
Positivity,16
Post-Production,1
PostgreSQL,4
Postman API Platform,1
Power BI,7
Power Electronics,1
Powertrain,1
Pre-Clinical Development,1
Predictive Analytics,1
Preparing Executive Summaries,1
Presales,24
Presentation Training,1
Presentations,78
Prioritization,26
Private Cloud,4
Private Equity,1
Privilege Escalation,2
Privileged Access Management,7
Proactivity,6
Problem Management,10
Problem Solving,170
Procedure Writing,1
Process Control,2
Process Development,1
Process Flow Diagrams,1
Process Improvement,34
Process Mapping,1
Procurement,26
Product Certification,1
Product Classification,1
Product Demonstration,2
Product Design,6
Product Engineering,5
Product Family Engineering,3
Product Innovation,1
Product Knowledge,4
Product Lifecycle Management,3
Product Lining,2
Product Management,13
Product Marketing,3
Product Planning,1
Product Promotion,1
Product Requirements,2
Product Requirements Documents,1
Product Roadmaps,3
Product Software Implementation Method,1
Product Strategy,1
Production Engineering,1
Production Management,2
Production Planning,1
Professional Networking,2
Professional Responsibility,3
Professionalism,6
Program Analysis,1
Program Assessment Rating Tool,1
Program Development,1
Program Management,10
Program Process Monitoring,1
Programmable Logic Controllers,3
Programming Tools,6
Progress Reporting,2
Project Coordination,6
Project Design,1
Project Documentation,5
Project Governance,1
Project Implementation,17
Project Initiation Documentation,1
Project Integration,1
Project Management,107
Project Management Institute (PMI) Methodology,2
Project Management Professional Certification,10
Project Management Software,5
Project Performance,2
Project Planning,9
Project Portfolio Management,4
Project Risk Management,4
Project Schedules,5
Project Scoping,4
Project Sponsorship,1
Project Stakeholders,5
Prometheus (Software),5
Promulgation,1
Proposal Development,3
Protocol Analysis,1
Protocol Independent Multicast,1
Prototyping,7
Provisioning Tools,1
Proxy Servers,11
Public Cloud,25
Public Health,1
Public Key Certificates,1
Public Key Cryptography,2
Public Key Infrastructure,7
Public Policies,1
Public Speaking,2
Publicly Funded Health Care,2
Puppet (Configuration Management Tool),10
Purchasing,1
PyTorch (Machine Learning Library),4
Pyspark,1
Python (Programming Language),132
QlikView (Data Analytics Software),1
Qualified Security Assessor,1
Quality Assurance,7
Quality Auditing,4
Quality Control,6
Quality Management,3
Qualys,5
Quantification,1
Quantitative Data Analysis,2
Quantitative Research,1
Quantum Computing,3
Quantum Cryptography,2
Quantum Information,2
Quantum Information Sciences,1
Query Languages,2
Query Optimization,1
Quick EMUlator (QEMU),1
Quick Learning,7
Quotations,2
R (Programming Language),29
RAID,1
RESTful API,11
RSA (Cryptosystem),9
RSA Archer,1
RabbitMQ,4
Radio Frequency,1
Railway Bridges,1
Rapid Prototyping,1
Rapport Building,3
Rate Limiting,1
React Native,1
React.js (Javascript Library),4
Real Estate,2
Real World Data,1
Real-Time Operating Systems,2
Recommender Systems,3
Reconciliation,3
Red Hat Certification,1
Red Hat Enterprise Linux,1
Red Hat Linux,1
Redis,5
Reengineering,1
Reference Architecture,3
Refining,2
Regional Sales,2
Regression Testing,1
Regular Expressions,9
Regulatory Compliance,20
Regulatory Developments,1
Regulatory Requirements,6
Reinforcement Learning,1
Reinsurance,1
Relational Database Management Systems,3
Relational Databases,2
Relationship Building,28
Relationship Management,4
Release Management,4
Reliability,12
Reliability Engineering,2
Remedial Action,6
Remittance,1
Remote Access Systems,4
Remote Administration,1
Remote Administration Software,1
Remote Authentication Dial In User Service (RADIUS),1
Remote Desktop Protocol (RDP),1
Remote Direct Memory Access,2
Remote Operation,1
Remote Sensing,1
Remote Terminal Unit,1
Remote Troubleshooting,1
Remuneration,1
Renewable Energy,1
Renovation,1
Report Writing,8
Reporting Tools,1
Repository Design,1
Reputation Management,1
Request For Proposal,13
Request For Quotation (RFQ),1
Requirements Analysis,6
Requirements Elicitation,4
Requirements Management,1
Requirements Specifications,3
Requirements Traceability,1
Research,100
Research And Development,13
Research Design,3
Research Experiences,2
Research Funding,1
Research Reports,1
Resilience,52
Reskilling,2
Resource Allocation,9
Resource Constraints,1
Resource Management,1
Resource Planning,4
Resource Utilization,5
Resourcefulness,14
Resourcing,1
Retirement Planning,2
Revenue Forecasting,1
Revenue Growth,7
Reverse Engineering,1
Risk Analysis,103
Risk Appetite,2
Risk Aversion,1
Risk Awareness,2
Risk Control,19
Risk Exposure Management,2
Risk Governance,10
Risk Management,102
Risk Management Framework,5
Risk Management Planning,1
Risk Management Tools,2
Risk Mitigation,18
Risk Prioritization,1
Risk Reduction,2
Risk Register,8
Riverbed (Software),2
Robotic Process Automation,1
Root Cause Analysis,28
Routing Protocols,11
Ruby (Programming Language),13
Runbook,3
Rust (Programming Language),2
SAP NetWeaver Data Management,1
SAS (Software),2
SIP Trunking,1
SMTP (Simple Mail Transfer Protocol),5
SPSS (Statistical Software),1
SQL (Programming Language),37
SQL Server Integration Services (SSIS),2
SQL Server Reporting Services,1
SQL*Plus,2
SQLAlchemy,2
Safety Assurance,6
Safety Instrumented Systems,1
Safety Standards,3
Sales,48
Sales Enablement,1
Sales Engineering,8
Sales Forecasting,1
Sales Management,3
Sales Performance Management,1
Sales Pipelines,1
Sales Presentations,3
Sales Process,3
Sales Prospecting,10
Sales Strategy,4
Sales Support,2
Salesforce,1
Sarbanes-Oxley Act (SOX) Compliance,5
Satellite Communications,1
Scala (Programming Language),1
Scalability,55
Scaled Agile Framework,1
Scheduling,11
Scheme (Programming Language),1
SciPy,1
Scientific Methods,1
Scikit-Learn (Python Package),3
Scripting,86
Scrum (Software Development),11
Secure Application Development,2
Secure Coding,9
Secure Remote Password Protocols,1
Securities (Finance),5
Securities Market,1
Security Administration,2
Security Analysis,4
Security Assertion Markup Language (SAML),3
Security Awareness,33
Security Clearance,5
Security Context,1
Security Controls,62
Security Devices,20
Security Domain,2
Security Engineering,15
Security Implementation,7
Security Information And Event Management (SIEM),108
Security Investigations,12
Security Log,9
Security Management,19
Security Operations (SecOps),3
Security Policies,102
Security Requirements Analysis,38
Security Software,6
Security Strategies,24
Security Systems,47
Security Technology,21
Security Testing,28
Sed (Programming Language),1
Selenium (Software),2
Self-Motivation,27
Selling Techniques,12
Semiconductor Device,1
Sensors,5
Sentiment Analysis,1
Server Administration,3
Server Hardening,1
Server Patching,1
Server Response,2
Server Virtualization,2
Serverless Computing,5
Service Assurance,2
Service Delivery Improvement,4
Service Design,2
Service Improvement,3
Service Industries,1
Service Level,4
Service Level Management,3
Service Level Objectives,3
Service Management,11
Service Pack,3
Service Review,1
Service-Level Agreement,10
Service-Oriented Architecture,1
ServiceNow,6
Session Initiation Protocols,1
Settlement,1
Shell Script,8
Sherwood Applied Business Security Architecture,8
Shift-Left Testing,1
Sidra Intersection,1
Sign Language Interpretation,4
Signal Processing,2
Simple Network Management Protocols,7
Simple Object Access Protocol (SOAP),1
Simulations,3
Single Sign-On (SSO),3
Site Inspection,1
Site Reliability Engineering,4
Site Security,1
Situation Analysis,3
Slack (Software),1
Smart Contracts,1
Smart Systems,35
Smartphone Operation,1
Snort (Intrusion Detection System),1
Social Development,1
Social Engineering,2
Social Media,3
Social Media Intelligence,1
Social Work,1
Socket Programming,2
Software Analysis,1
Software Architecture,3
Software As A Service (SaaS),20
Software Configuration Management,1
Software Defined Networking (SDN),17
Software Design,1
Software Design Documents,3
Software Design Patterns,3
Software Development,53
Software Development Life Cycle,19
Software Documentation,3
Software Engineering,30
Software Engineering 2004,1
Software Installation,5
Software Licensing Audit,1
Software Maintenance,1
Software Manufacturing,1
Software Product Management,2
Software Protection,1
Software Quality (SQA/SQC),4
Software Security,7
Software Systems,3
Software Technical Review,3
Software Testing,6
Software Testing Life Cycle,1
Software Validation,1
SolarWinds,6
Solaris (Operating System),2
Solidity (Programming Language),1
Solution Architecture,17
Solution Deployment Descriptor,2
Solution Design,10
Solution Selling,1
Solutions Focused,1
Sonatype,2
SonicWall,1
Sovereign Wealth Fund,3
Spanish Language,2
Spanning Tree Protocols,1
Splunk,38
Splunk Enterprise Security,1
Sports Analytics,1
Spring Framework,4
Sprint Backlogs,1
Staff Management,2
Stakeholder Communications,5
Stakeholder Engagement,2
Stakeholder Management,41
Standard Operating Procedure,20
Statement On Standards For Attestation Engagements (SSAE),3
Static Application Security Testing (SAST),7
Static Program Analysis,1
Statistical Analysis,3
Statistical Hypothesis Testing,2
Statistical Modeling,2
Statistical Reporting,1
Statistics,3
Still Life,1
Storage Virtualization,3
Stored Procedure,1
Strategic Leadership,2
Strategic Partnership,7
Strategic Planning,15
Strategic Positioning,1
Strategic Prioritization,1
Strategic Roadmaps,2
Strategic Thinking,3
Strategy Execution,1
Stream Processing,1
Streamlining,1
Strong Work Ethic,7
Structured Cabling,2
Student Development,4
Student Recruitment,1
Student Services,1
Subcontracting,1
Subnetwork,1
Supervision,1
Supervisory Control And Data Acquisition (SCADA),17
Supplier Management,1
Supply Chain,8
Supply Chain Management,1
Supply Chain Security,2
Support Colleagues,1
Suspension (Vehicle),1
Sustainability Reporting,7
Sustainability Strategies,6
Sustainable Business,9
Sustainable Development,1
Sustainable Infrastructure,3
Sustainable Insurance,2
Swagger UI,2
Symantec Endpoint Protection,1
Synapse Citrix,1
Sysinternals,1
Syslog,2
System Administration,24
System Configuration,2
System Deployment,5
System Implementation,7
System Integration Testing,3
System Lifecycle,2
System Monitoring,2
System Operator Certification,3
System Recovery,1
System Requirements,2
System Software,6
System Support,1
Systems Analysis,12
Systems Architecture,5
Systems Design,12
Systems Development Life Cycle,21
Systems Engineering,23
Systems Integration,21
Systems Security Certified Practitioner,3
TCP/IP,62
TOGAF Certification,1
Tableau (Business Intelligence Software),9
Tablets,1
Tactfulness,1
Taking Meeting Minutes,2
Talent Acquisition,5
Talent Pipelining,2
Tanium (Endpoint Management Software),2
Target Audience,1
Tcpdump,4
Teaching,4
Team Building,10
Team Leadership,18
Team Management,2
Team Motivation,2
Team Oriented,2
Team Performance Management,3
Teamwork,48
Technical Acumen,3
Technical Analysis,6
Technical Authority,1
Technical Consulting,1
Technical Design,6
Technical Documentation,13
Technical Drawing,1
Technical Engineering,3
Technical Leadership,12
Technical Management,6
Technical Presentations,1
Technical Report,1
Technical Sales,6
Technical Services,7
Technical Solution Design,1
Technical Standard,5
Technical Support,32
Technical Training,4
Technical Writing,9
Technology Assessment,1
Technology Ecosystems,5
Technology Integration,1
Technology Research,1
Technology Roadmaps,3
Technology Solutions,38
Technology Strategies,1
TeleCommunications Engineering,4
TeleCommunications Relay Services,1
Telecom Infrastructure,1
Telecommunications,27
Telecommunications Networks,8
Telecommunications Service,1
Telecommuting,2
Telemetry,4
Templates,10
Tenacity,1
TensorFlow,7
Teradata SQL,1
Terminal Access Controller Access-Control System (TACACS),4
Terminal Server,1
Terraform,16
Test Automation,4
Test Case,3
Test Data,3
Test Equipment,2
Test Management,1
Test Method,1
Test Planning,6
Test Strategy,1
Test Tools,4
Test-Driven Development (TDD),1
Textiles,3
The Open Group Architecture Framework (TOGAF),9
Third Party Risk Management,1
Thought Leadership,17
Threat Assessment,3
Threat Detection,26
Threat Management,6
Threat Modeling,41
TikTok,50
Time Management,48
Timelines,6
Tires,1
Tooling,15
Top Secret-Sensitive Compartmented Information (TS/SCI Clearance),2
Topology,2
Tourism Market,1
Traffic Analysis,4
Traffic Control,2
Traffic Design,1
Traffic Engineering,2
Traffic Flow,1
Traffic Patterns,1
Training And Development,40
Training Documentation,1
Transaction Data,1
Transaction Processing (Computing),1
Transactional Analysis,1
Transferable Skills Analysis,2
Translational Research,1
Transmission,1
Transmission Control Protocol (TCP),7
Transport Layer Security (TLS),3
Transportation Security Administration (TSA),3
Travel Advisory,1
Treasury Management,1
Treatment Planning,2
Trend Analysis,1
Triage,30
Trivial File Transfer Protocols,1
Troubleshooting (Problem Solving),116
Trustworthiness,9
Tunneling Protocol,1
Turnaround Time,1
Twilio,1
TypeScript,1
UI/UX Research,1
Ubuntu (Operating System),1
Underwriting,1
Unicast,1
Unified Communications,1
Unit Testing,5
Unix,12
Unix Shell,6
Unix System Services,1
Unstructured Data,5
Upselling,2
Usability,2
User Acceptance Testing (UAT),6
User Accounts,4
User Experience (UX),6
User Feedback,1
User Flows,1
User Generated Content,1
User Profile,1
User Provisioning,1
User Requirements Documents,4
User Research,2
User Story,4
Utility Software,3
VBScript (Visual Basic Scripting Edition),2
VLAN Trunking Protocol (VTP),1
VMware Certified Professional (VCP),2
VMware ESX Servers,1
VMware Horizon View,1
VMware VSphere,1
VMware Virtualization,2
Valid Driver's License,1
Value Chain,2
Value Creation,2
Value Propositions,5
Veeam,1
Vendor Contracts,1
Vendor Management,16
Vendor Relationship Management,4
Venture Capital,1
Verbal Communication Skills,55
Verification And Validation,1
Version Control,11
Vertical Market,1
Video Processing,1
Virtual Desktops,1
Virtual Firewall,1
Virtual Learning Environments,1
Virtual Local Area Network (VLAN),9
Virtual Machines,5
Virtual Private Networks (VPN),61
Virtual Reality,1
Virtual Router Redundancy Protocols,2
Virtual Teams,12
Virtual Training,1
VirtualBox,3
Virtualization,16
Visionary,2
Visitor Management,1
Visual Basic (Programming Language),1
Visual Merchandising,1
Voice Over IP,1
Vulnerability,188
Vulnerability Assessments,81
Vulnerability Discovery,1
Vulnerability Management,67
Vulnerability Scanning,36
VxLAN (Virtual Extensible LAN),7
WAN Optimization,2
Warehousing,1
Water Treatment,1
Water Wells,1
Waterfall Methodology,8
Wavelength-Division Multiplexing,4
Wealth Management,3
Web Analytics,1
Web Application Development,2
Web Application Frameworks,1
Web Application Security,8
Web Applications,10
Web Conferencing,1
Web Filtering,3
Web Frameworks,1
Web Hosting Services,1
Web Property,1
Web Servers,10
Web Services,7
Web Tools,1
Web Traffic,4
Webproxy,1
Whatsapp,1
White-Box Testing,2
Wholesaling,2
Wi-Fi Test Tools,1
Wide Area Networks,29
WinDBg,3
Windows Defender,3
Windows Domain,1
Windows Messaging,1
Windows PowerShell,27
Windows Security,1
Windows Server Update Services,1
Windows Servers,10
Windows Software Development,1
Wintel,1
Wireframing,2
Wireless Communications,11
Wireless LAN,8
Wireless Networks,3
Wireless Security,7
Wireshark,9
Work Order,1
Workflow Automation,2
Workflow Management,39
Working Quickly,1
Workplace Diversity,2
Workshop Facilitation,1
Writing,84
Writing Systems,1
Written Composition,1
Written English,8
Xen Servers,4
YAML,1
Yammer (Social Networking Tool),1
Zabbix,1
Zoom (Video Conferencing Tool),2
Zoom Rooms,1
z/OS,1
