skill,label
random forest,hard
analytical,hard
microsoft,hard
retention,hard
regression,hard
dimensionality reduction,hard
ms sql server,hard
relational programming,hard
applied data science,hard
html conversion tools,hard
debugging,hard
c#,hard
bayesian estimation,hard
post object programming,hard
weka,hard
mxnet,hard
programming methodologies,hard
case tools,hard
analysis,hard
analytics,hard
django,hard
k-means,hard
application development tools,hard
structured query language (sql),hard
bayesian probability,hard
outlier,hard
application development methodologies,hard
design,hard
netbeans,hard
classification analysis,hard
matlab,hard
apache,hard
theano,hard
aros,hard
quality control,hard
ms office,hard
use logical reasoning,hard
data analysis,hard
ars based programming,hard
no-sql,hard
collaboration,hard
scikit-learn,hard
firewall,hard
internet,hard
relational databases,hard
html authoring tools,hard
logic,hard
code,hard
system testing,hard
system architecture,hard
technical,hard
windowing systems,hard
dynamic,hard
embedded hardware,hard
browser,hard
customer service,hard
clustering,hard
io,hard
sql,hard
database,hard
backpropagation,hard
cyber security,hard
dbms,hard
database techniques,hard
time series,hard
design patterns,hard
troubleshooting,hard
object oriented,hard
aws,hard
development tools,hard
data,hard
ide,hard
adaboost,hard
math,hard
organizational,hard
third generation languages,hard
concurrent programming,hard
kera,hard
coding,hard
ruby,hard
system programming,hard
microsoft office,hard
aws glue,hard
matrix,hard
sample,hard
neural network,hard
programming skills,hard
pig,hard
computer platforms,hard
window,hard
bayes,hard
parallel processing,hard
object oriented programming,hard
principal component analysis,hard
macos,hard
planning,hard
web,hard
mining,hard
workstation,hard
apache hadoop,hard
panda,hard
scikit,hard
statistical modeling,hard
mathematics,hard
optimizing,hard
cyber threat intelligence,hard
programming,hard
debug,hard
marketing,hard
programmer,hard
computer programs,hard
client analytics,hard
testing,hard
technical guidance,hard
decision tree,hard
dynamic programming,hard
analyze data,hard
presto,hard
application development techniques,hard
software,hard
html,hard
logitboost,hard
pytorch,hard
data analytics,hard
hiring,hard
fourth generation languages,hard
data structures,hard
gradient descent,hard
twilio,hard
apache airflow,hard
sql server,hard
forest,hard
hardware,hard
python,hard
stochastic,hard
data mining,hard
mobile,hard
machine learning,hard
capital management,hard
numpy,hard
algorithm,hard
outlier detection,hard
information systems security professional,hard
ms excel,hard
statistical analysis,hard
software development,hard
distributed computing,hard
forecast,hard
visualization,hard
development,hard
revision control,hard
neural networks,hard
architecture,hard
physic,hard
tensorflow,hard
statistic,hard
access network,hard
documentation,hard
knn,hard
web services,hard
data science,hard
apache impala,hard
pca,hard
application programming interfaces,hard
unix,hard
linux,hard
programming languages,hard
c++,hard
application development,hard
microsoft excel,hard
regression analysis,hard
computer science,hard
classification,hard
industry systems,hard
computational complexity,hard
information technology,hard
aspect oriented programming,hard
yaml,hard
modelling,hard
matrix factorization,hard
emerging technologies,hard
data collection,hard
system design,hard
best practices,hard
implementation,hard
symbolic programming,hard
data-driven,hard
microsoft sql server,hard
nosql,hard
hadoop,hard
system development,hard
constraint-based programming,hard
kmeans,hard
test,hard
frequent itemset mining,hard
stochastic gradient descent,hard
information systems,hard
operating systems,hard
os programming,hard
java,hard
education,hard
component,hard
database management systems,hard
multimedia,hard
c,hard
svd,hard
business requirements,hard
api gateway,hard
modeling,hard
r,hard
application,hard
bayesian network,hard
spark,hard
web platforms,hard
apache drill,hard
ruby on rails,hard
reporting,hard
datasets,hard
web applications,hard
decision making,soft
teamwork,soft
multi-tasking,soft
conflict management,soft
networking,soft
project management,soft
critical thinking,soft
lifelong learning,soft
self-motivation,soft
team oriented,soft
emotional intelligence,soft
problem-solving,soft
english,soft
language,soft
advocacy,soft
management,soft
time management,soft
creative,soft
resourceful,soft
dependability,soft
business focused,soft
conflict resolution,soft
analytic,soft
research,soft
leadership,soft
communication,soft
presentation skills,soft
stress management,soft
change management,soft
customer service,soft
marketing,soft
resilience,soft
team leadership,soft
sale,soft
open to criticism,soft
