index,skill,summarised
0,a team oriented mentality,team player
1,ability for analytical thinking,analytical thinker
2,ability for long working hours,work ethic
3,ability for multitasking under tight deadlines,multitasking
4,ability for results orientation,results-driven
5,ability for strategic thinking,strategic thinker
6,ability of monitoring results assessment,results monitoring
7,ability of training results assessment,training assessment
8,ability to achieve results,results achiever
9,ability to adapt to dynamic business environment,adaptability
10,ability to adapt to rapidly changing situations,adaptability
11,ability to adapt,adaptability
12,ability to adhere to deadlines,time management
13,ability to anticipate and prevent problems,problem prevention
14,ability to anticipate problems,problem anticipation
15,ability to appropriately make decisions,decision-maker
16,ability to articulate problems,problem articulation
17,ability to be a member of a team,team player
18,ability to be affirmative,assertiveness
19,ability to be flexible in demanding situations,flexibility
20,ability to be flexible,flexibility
21,ability to be part of a big team,team player
22,ability to be part of a multicultural team,multicultural teamwork
23,ability to build and maintain lasting client relationships,client relationship management
24,ability to build partnership,partnership building
25,ability to carry out numerous tasks,multitasking
26,ability to clearly articulate problems,problem articulation
27,ability to communicate effectively at all levels,effective communication
28,ability to communicate on the telephone,phone communication
29,ability to communicate with clients,client communication
30,ability to communicate with multinational groups,multicultural communication
31,ability to complete assigned tasks according to deadlines,time management
32,ability to complete assigned tasks,task completion
33,ability to complete tasks according to deadlines,time management
34,ability to complete work according to deadlines,time management
35,ability to concisely articulate problems,problem articulation
36,ability to contribute to project teams,teamwork
37,ability to cooperate,teamwork
38,ability to coordinate marketing,marketing coordination
39,ability to coordinate project staff,project staff coordination
40,ability to coordinate,coordination
41,ability to cope with stress,stress management
42,ability to demonstrate a sense of urgency to achieve goals,goal-oriented
43,ability to demonstrate creativity to problem solving,creative problem solving
44,ability to express thoughts,effective communication
45,ability to establish connections with new retailers,retail connections
46,ability to establish connections,networking
47,ability to establish working relationships,relationship building
48,ability to exchange ideas,idea exchange
49,ability to express thoughts clearly,clear communication
50,ability to focus on details,attention to detail
51,ability to focus on meet deadlines,time management
52,ability to focus on multiple tasks,multitasking
53,ability to focus on priorities,prioritization
54,ability to foster a spirit of unity,teamwork
55,ability to get along with people,interpersonal skills
56,ability to get fun solving technical problems,technical problem-solving
57,ability to grasp a problem,problem-solving
58,ability to handle multiple priorities,multitasking
59,ability to handle multiple tasks simultaneously,multitasking
60,ability to handle multiple tasks while adhering to deadlines,multitasking
61,ability to handle quick turnaround,adaptability
62,ability to handle simultaneous multiple projects,multitasking
63,ability to handle tight deadlines,time management
64,ability to identify problems,problem identification
65,ability to independently manage multiple projects at once,multitasking
66,ability to lead in a team environment,leadership
67,ability to lead people,leadership
68,ability to lead project teams,project leadership
69,ability to lead results-based management,results-based leadership
70,ability to lead strategic planning,strategic planning leadership
71,ability to learn easily,quick learner
72,ability to maintain a spirit of unity,teamwork
73,ability to maintain confidentiality of the information,confidentiality
74,ability to make decisions,decision-maker
75,ability to make trade-offs,decision-making
76,ability to manage a team,team management
77,ability to manage people,people management
78,ability to manage project teams,project team management
79,ability to manage time,time management
80,ability to manage,management
81,ability to meet a schedule,punctuality
82,ability to meet deadlines under pressure,time management
83,ability to meet tight deadlines,time management
84,ability to motivate others in a team environment,team motivation
85,ability to motivate others,motivation
86,ability to multi-task,multitasking
87,ability to organize and prioritize workload,prioritization
88,ability to organize project teams,project team organization
89,ability to organize work,organization
90,ability to organize workload,workload organization
91,ability to overcome challenges,problem-solving
92,ability to perform multiple tasks at the same time,multitasking
93,ability to plan work,planning
94,ability to present ideas in a concise manner,concise communication
95,ability to present ideas in a well-organized manner,organized communication
96,ability to present ideas,communication
97,ability to present information in a concise manner,concise communication
98,ability to present information in a well-organized manner,organized communication
99,ability to prevent problems,problem prevention
100,ability to prioritize workload activities,prioritization
101,ability to prioritize workload,prioritization
102,ability to prioritize,prioritization
103,ability to promptly respond to rapidly changing situations,adaptability
104,ability to propose alternatives to problem solving,creative problem solving
105,ability to propose practical solutions,problem-solving
106,ability to report,reporting
107,ability to respect deadlines,punctuality
108,ability to respond to rapidly changing situations,adaptability
109,ability to sell,sales
110,ability to take responsibilities,responsibility
111,ability to think creatively,creativity
112,ability to undertake multiple tasks,multitasking
113,ability to work alone,independence
114,ability to work and communicate with multinational groups,multicultural communication
115,ability to work as part of a team on multiple tasks,teamwork
116,ability to work being motivated,motivation
117,ability to work being self-directed,independence
118,ability to work creatively,creativity
119,ability to work diplomatically,diplomacy
120,ability to work efficiently without supervision,independence
121,ability to work efficiently,efficiency
122,ability to work in a flexible schedule,flexibility
123,ability to work in a multitask environment,multitasking
124,ability to work in a team environment,teamwork
125,ability to work in a team while being self-directed,independence
126,ability to work in international teams,multicultural teamwork
127,ability to work in multidisciplinary teams
128,ability to work in teams,teamwork
129,ability to work independently,independence
130,ability to work multiple projects,multitasking
131,ability to work on multiple projects at once,multitasking
132,ability to work on multiple tasks simultaneously,multitasking
133,ability to work on multiple tasks while adhering to deadlines,multitasking
134,ability to work on tight deadlines,time management
135,ability to work proactively,proactivity
136,ability to work with a sense of urgency,urgency
137,ability to work with tight deadlines,time management
138,ability to work with a diverse group of people,diversity
139,ability to work with cross-functional teams,cross-functional teamwork
140,ability to work with deadlines,time management
141,ability to work with different personalities,interpersonal skills
142,ability to work with little or no supervision,independence
143,ability to work with minimal supervision,independence
144,ability to work with multiple projects,multitasking
145,ability to work with multiple tasks,multitasking
146,ability to work with others in a team,teamwork
147,ability to work with others,teamwork
148,ability to work with tight deadlines,time management
149,ability to work without supervision,independence
150,ability to work,efficiency
151,ability to work,independence
152,ability to work,multitasking
153,ability to work,time management
154,adaptability in the workplace,adaptability
155,ability to adapt to change,adaptability
156,ability to be a good leader,leadership
157,ability to be a quick learner,quick learner
158,ability to build relationships,relationship building
159,ability to collaborate in a team,teamwork
160,ability to collaborate with others,teamwork
161,ability to communicate effectively,effective communication
162,ability to communicate,communication
163,ability to coordinate tasks,task coordination
164,ability to create and implement strategies,strategic thinking
165,ability to create,creativity
166,ability to critically think,critical thinking
167,ability to delegate,delegation
168,ability to effectively communicate with others,effective communication
169,ability to effectively work in teams,teamwork
170,ability to efficiently manage time,time management
171,ability to establish and maintain relationships,relationship building
172,ability to follow instructions,following instructions
173,ability to foster teamwork,teamwork
174,ability to handle criticism,constructive criticism
175,ability to handle pressure,stress management
176,ability to identify problems and find solutions,problem-solving
177,ability to influence others,influencing
178,ability to inspire and motivate others,motivation
179,ability to lead and manage projects,project management
180,ability to lead teams,leadership
181,ability to listen to feedback,listening
182,ability to manage and prioritize tasks,task prioritization
183,ability to manage time effectively,time management
184,ability to manage time,time management
185,ability to manage workloads,workload management
186,ability to meet tight deadlines,time management
187,ability to negotiate effectively,negotiation
188,ability to plan and organize,planning
189,ability to problem-solve,problem-solving
190,ability to quickly adapt to change,adaptability
191,ability to resolve conflicts,conflict resolution
192,ability to take initiative,initiative
193,ability to think critically,critical thinking
194,ability to work effectively,efficiency
195,ability to work independently and as part of a team,independence and teamwork
196,ability to work independently on projects,independence
197,ability to work independently,independence
198,adaptability to new situations,adaptability
199,adaptability to change,adaptability
200,adaptive,adaptability
201,adherence to deadlines,punctuality
202,analytical thinker,analytical thinking
203,assertiveness,assertive
204,attention to detail,detail-oriented
205,building client relationships,client relationship management
206,client communication,client communication
207,client relationships,client relationship management
208,communication skills,communication
209,creative problem solving,creative problem solving
210,creative thinker,creativity
211,critical thinker,critical thinking
212,deadline-oriented,punctuality
213,delegation,delegator
214,effective communicator,effective communication
215,efficient multitasking,multitasking
216,efficient time management,time management
217,flexibility in demanding situations,flexibility
218,flexibility to change,flexibility
219,goal-oriented,goal-oriented
220,interpersonal skills,interpersonal skills
221,leadership in a team,leadership
222,listening skills,listening
223,managing multiple projects,multitasking
224,managing time efficiently,time management
225,multitasking skills,multitasking
226,organization and prioritization,prioritization
227,organizational skills,organization
228,problem prevention,problem prevention
229,problem-solving skills,problem-solving
230,results achiever,results-driven
231,results monitoring,results monitoring
232,sales skills,sales
233,strategic thinker,strategic thinking
234,teamwork skills,teamwork
235,time management skills,time management
236,time management,time management
237,urgency to achieve goals,goal-oriented
238,well-organized communication,organized communication
239,workload organization,workload organization
240,adaptable,adaptability
241,advanced communication,advanced communication
242,attention to details,detail-oriented
243,building relationships,relationship building
244,client management,client management
245,client service,client service
246,communication abilities,communication
247,creative thinking,creativity
248,critical thinking,critical thinking
249,deadline adherence,punctuality
250,delegating tasks,delegation
251,effective communication skills,effective communication
252,efficient multitasker,multitasking
253,efficient time manager,time management
254,flexibility in changing situations,flexibility
255,flexible to change,flexibility
256,goal-oriented mindset,goal-oriented
257,interpersonal abilities,interpersonal skills
258,leadership qualities,leadership
259,listening ability,listening
260,managing multiple projects effectively,multitasking
261,managing time wisely,time management
262,master of multitasking,multitasking
263,organization and prioritization skills,prioritization
264,organizational abilities,organization
265,prevent problems,problem prevention
266,problem-solver,problem-solving
267,results-driven attitude,results-driven
268,results-oriented,results-oriented
269,sales expertise,sales
270,strategic thinking skills,strategic thinking
271,team player,teamwork
272,time management proficiency,time management
273,urgency to achieve results,goal-oriented
274,well-organized communication,organized communication
275,workload management,workload management
276,adapt to change,adaptability
277,advanced communicator,advanced communication
278,attention to the small stuff,detail-oriented
279,build relationships,relationship building
280,client relations,client relations
281,communicate effectively,effective communication
282,creative problem-solver,creative problem-solving
283,critical thought,critical thinking
284,deadlines met,punctuality
285,delegate effectively,delegation
286,effective communication abilities,effective communication
287,efficient multitasking skills,multitasking
288,efficient time management skills,time management
289,flexibility in challenging situations,flexibility
290,handle change,adaptability
291,interpersonal communication,interpersonal communication
292,leadership in teams,leadership
293,listen attentively,listening
294,manage multiple projects efficiently,multitasking
295,master time management,time management
296,organizational proficiency,organization
297,prevent issues,problem prevention
298,problem-solving abilities,problem-solving
299,results-driven approach,results-driven
300,sales proficiency,sales
301,strategic thinker,strategic thinking
302,team collaboration,teamwork
303,time management expertise,time management
304,urgency in achieving goals,goal-oriented
305,well-organized communicator,organized communication
306,workload optimization,workload optimization
307,adaptable approach,adaptability
308,advanced communicator,advanced communication
309,attention to detail,detail-oriented
310,build relations,relationship building
311,client servicing,client servicing
312,communication efficiency,effective communication
313,creative thinker,creative thinking
314,critical thought process,critical thinking
315,deadlines adherence,punctuality
316,delegate tasks,delegation
317,effective communicator,effective communication
318,efficient multitasker,multitasking
319,efficient time manager,time management
320,flexibility in dynamic environments,flexibility
321,adapt to changes,adaptability
322,advanced communication skills,advanced communication
323,attention to details,detail-oriented
324,building relations,relationship building
325,client service ethic,client service
326,communication effectiveness,effective communication
327,creative thinking abilities,creativity
328,critical thinking skills,critical thinking
329,adhering to deadlines,punctuality
330,delegating efficiently,delegation
331,effective communicator at all levels,effective communication
332,efficient multitasking abilities,multitasking
333,efficient time management abilities,time management
334,flexibility in fast-paced environments,flexibility
335,adaptable to change,adaptability
336,advanced communication expertise,advanced communication
337,detail-oriented approach,detail-oriented
338,building client relations,client relations
339,communication mastery,effective communication
340,creative problem-solving,creative problem-solving
341,critical thinker,critical thinking
342,meet deadlines,punctuality
343,effective delegation,delegation
344,efficient communicator,effective communication
345,multitasking efficiency,multitasking
346,time management efficiency,time management
347,flexibility in rapidly changing situations,flexibility
348,quick adaptation,adaptability
349,advanced communication proficiency,advanced communication
350,detailed focus,detail-oriented
351,building relationships with clients,client relations
352,clear and concise communication,effective communication
353,creative problem solver,creative problem-solving
354,critical thinking and analysis,critical thinking
355,meeting tight deadlines,punctuality
356,efficient task delegation,delegation
357,effective team communication,effective communication
358,expert multitasker,multitasking
359,excellent time management,time management
360,flexibility in challenging environments,flexibility
361,adapt to rapidly changing situations,adaptability
362,advanced communication skills,advanced communication
363,detail-oriented focus,detail-oriented
364,building rapport with clients,client relations
365,clear and concise communicator,effective communication
366,creative problem-solving skills,creative problem-solving
367,critical thinking and problem-solving,critical thinking
368,meeting deadlines under pressure,punctuality
369,effective task manager,delegation
370,efficient time utilization,time management
371,flexibility in demanding scenarios,flexibility
372,adapt to change quickly,adaptability
373,advanced communication expertise,advanced communication
374,detail-oriented mindset,detail-oriented
375,building strong client relationships,client relations
376,clarity in communication,effective communication
377,creative thinker,creative thinking
378,critical problem solving,critical problem-solving
379,meet tight deadlines,punctuality
380,effective task organizer,delegation
381,efficient time utilization skills,time management
382,focus under pressure,adaptability
383,adapt to change rapidly,adaptability
384,advanced communication proficiency,advanced communication
385,detailed-oriented mindset,detail-oriented
386,building strong relationships,relationship building
387,clear communicator,effective communication
388,creative thinking skills,creative thinking
389,critical thinker,critical thinking
390,meet tight schedules,punctuality
391,effective team coordination,teamwork
392,efficient time use,time management
393,focus while working under pressure,adaptability
394,adapt to changes quickly,adaptability
395,advanced communication ability,advanced communication
396,detail-oriented approach,detail-oriented
397,building successful relations,relationship building
398,clear communication skills,effective communication
399,creativity and innovation,creativity
400,critical problem-solving skills,critical problem-solving
401,effective relationship management,relationship management
402,clear communicator,communication
403,creative problem-solving,creativity
404,critical thinker,critical thinking
405,meeting schedules,punctuality
406,efficient time management,time management
407,focus under pressure,adaptability
408,quick adaptability,adaptability
409,advanced communicator,communication
410,attention to detail,detail-oriented
411,client relationship building,relationship building
412,clear communication,communication
413,creative thinker,creativity
414,critical problem-solver,critical thinking
415,meeting deadlines,punctuality
416,efficient task management,task management
417,effective team player,teamwork
418,effective communication skills,communication
419,adaptability under pressure,adaptability
420,adapt to changes,adaptability
421,advanced communication proficiency,communication
422,detail-oriented approach,detail-oriented
423,client relationship management,relationship management
424,communication skills,communication
425,creative thinking,creativity
426,critical problem-solving abilities,critical thinking
427,meeting deadlines effectively,punctuality
428,efficient task management skills,task management
429,effective team player,teamwork
430,effective communication,communication
431,adaptability in challenging scenarios,adaptability
432,adapt to change,adaptability
433,advanced communication skills,communication
434,detailed task management,task management
435,client relations management,relationship management
436,communication excellence,communication
437,creativity in problem-solving,creativity
438,critical thinking abilities,critical thinking
439,meeting tight timelines,punctuality
440,efficient task coordination,task management
441,effective team collaboration,teamwork
442,effective communication proficiency,communication
443,adaptability under stress,adaptability
444,adapt quickly to change,adaptability
445,advanced communication capability,communication
446,detailed task organization,task management
447,client relationship development,relationship building
448,clear and effective communication,communication
449,creative approach to problems,creativity
450,critical thinking skills,critical thinking
451,teamwork skills,teamwork
452,detail-oriented task management,detail-oriented
453,client relationship building,relationship building
454,clear communication skills,communication
455,creative problem-solver,creativity
456,critical thinker,critical thinking
457,meeting schedules,punctuality
458,efficient time management,time management
459,adaptability under pressure,adaptability
460,quick adaptability,adaptability
461,advanced communicator,communication
462,attention to detail,detail-oriented
463,client relationship management,relationship management
464,clear communication,communication
465,creative thinker,creativity
466,critical problem-solver,critical thinking
467,meeting deadlines,punctuality
468,efficient task management,task management
469,effective team player,teamwork
470,effective communication skills,communication
471,adaptability under pressure,adaptability
472,adapt to changes,adaptability
473,advanced communication proficiency,communication
474,detail-oriented approach,detail-oriented
475,client relationship management,relationship management
476,communication skills,communication
477,creative thinking,creativity
478,critical problem-solving abilities,critical thinking
479,meeting deadlines effectively,punctuality
480,efficient task management skills,task management
481,effective team player,teamwork
482,effective communication,communication
483,adaptability in challenging scenarios,adaptability
484,adapt to change,adaptability
485,advanced communication skills,communication
486,detailed task management,task management
487,client relations management,relationship management
488,communication excellence,communication
489,creativity in problem-solving,creativity
490,critical thinking abilities,critical thinking
491,meeting tight timelines,punctuality
492,efficient task coordination,task management
493,effective team collaboration,teamwork
494,effective communication proficiency,communication
495,adaptability under stress,adaptability
496,adapt quickly to change,adaptability
497,advanced communication capability,communication
498,detailed task organization,task management
499,client relationship development,relationship building
500,clear and effective communication,communication
501,creative approach to problems,creativity
502,critical thinking skills,critical thinking
503,meeting schedules,punctuality
504,efficient time management,time management
505,adaptability under pressure,adaptability
506,quick adaptability,adaptability
507,advanced communicator,communication
508,attention to detail,detail-oriented
509,client relationship management,relationship management
510,clear communication,communication
511,creative thinker,creativity
512,critical problem-solver,critical thinking
513,meeting deadlines,punctuality
514,efficient task management,task management
515,effective team player,teamwork
516,effective communication skills,communication
517,adaptability under pressure,adaptability
518,adapt to changes,adaptability
519,advanced communication proficiency,communication
520,detail-oriented approach,detail-oriented
521,client relationship management,relationship management
522,communication skills,communication
523,creative thinking,creativity
524,critical problem-solving abilities,critical thinking
525,meeting deadlines effectively,punctuality
526,efficient task management skills,task management
527,effective team player,teamwork
528,effective communication,communication
529,adaptability in challenging scenarios,adaptability
530,adapt to change,adaptability
531,advanced communication skills,communication
532,detailed task management,task management
533,client relations management,relationship management
534,communication excellence,communication
535,creativity in problem-solving,creativity
536,critical thinking abilities,critical thinking
537,meeting tight timelines,punctuality
538,efficient task coordination,task management
539,effective team collaboration,teamwork
540,effective communication proficiency,communication
541,adaptability under stress,adaptability
542,adapt quickly to change,adaptability
543,advanced communication capability,communication
544,detailed task organization,task management
545,client relationship development,relationship building
546,clear and effective communication,communication
547,creative approach to problems,creativity
548,critical thinking skills,critical thinking
549,meeting schedules,punctuality
550,efficient time management,time management
551,adaptability under pressure,adaptability
552,quick adaptability,adaptability
553,advanced communicator,communication
554,attention to detail,detail-oriented
555,client relationship management,relationship management
556,clear communication,communication
557,creative thinker,creativity
558,critical problem-solver,critical thinking
559,meeting deadlines,punctuality
560,efficient task management,task management
561,effective team player,teamwork
562,effective communication skills,communication
563,adaptability under pressure,adaptability
564,adapt to changes,adaptability
565,advanced communication proficiency,communication
566,detail-oriented approach,detail-oriented
567,client relationship management,relationship management
568,clear communication,communication
569,creative thinker,creativity
570,critical problem-solving abilities,critical thinking
571,meeting deadlines effectively,punctuality
572,efficient task management skills,task management
573,effective team player,teamwork
574,effective communication,communication
575,adaptability in challenging scenarios,adaptability
576,adapt to change,adaptability
577,advanced communication skills,communication
578,detailed task management,task management
579,client relations management,relationship management
580,communication excellence,communication
581,creativity in problem-solving,creativity
582,critical thinking abilities,critical thinking
583,meeting tight timelines,punctuality
584,efficient task coordination,task management
585,effective team collaboration,teamwork
586,effective communication proficiency,communication
587,adaptability under stress,adaptability
588,adapt quickly to change,adaptability
589,advanced communication capability,communication
590,detailed task organization,task management
591,client relationship development,relationship building
592,clear and effective communication,communication
593,creative approach to problems,creativity
594,critical thinking skills,critical thinking
595,meeting schedules,punctuality
596,efficient time management,time management
597,adaptability under pressure,adaptability
598,quick adaptability,adaptability
599,advanced communicator,communication
600,attention to detail,detail-oriented
601,client relationship management,relationship management
602,clear communication,communication
603,creative thinker,creativity
604,critical problem-solver,critical thinking
605,meeting deadlines,punctuality
606,efficient task management,task management
607,effective team player,teamwork
608,effective communication skills,communication
609,adaptability under pressure,adaptability
610,adapt to changes,adaptability
611,advanced communication proficiency,communication
612,detail-oriented approach,detail-oriented
613,client relationship management,relationship management
614,communication skills,communication
615,creative thinking,creativity
616,critical problem-solving abilities,critical thinking
617,meeting deadlines effectively,punctuality
618,efficient task management skills,task management
619,effective team player,teamwork
620,effective communication,communication
621,adaptability in challenging scenarios,adaptability
622,adapt to change,adaptability
623,advanced communication skills,communication
624,detailed task management,task management
625,client relations management,relationship management
626,communication excellence,communication
627,creativity in problem-solving,creativity
628,critical thinking abilities,critical thinking
629,meeting tight timelines,punctuality
630,efficient task coordination,task management
631,effective team collaboration,teamwork
632,effective communication proficiency,communication
633,adaptability under stress,adaptability
634,adapt quickly to change,adaptability
635,advanced communication capability,communication
636,detailed task organization,task management
637,client relationship development,relationship building
638,clear and effective communication,communication
639,creative approach to problems,creativity
640,critical thinking skills,critical thinking
641,meeting schedules,punctuality
642,efficient time management,time management
643,adaptability under pressure,adaptability
644,quick adaptability,adaptability
645,advanced communicator,communication
646,attention to detail,detail-oriented
647,client relationship management,relationship management
648,clear communication,communication
649,creative thinker,creativity
650,critical problem-solver,critical thinking
651,meeting deadlines,punctuality
652,efficient task management,task management
653,effective team player,teamwork
654,effective communication skills,communication
655,adaptability under pressure,adaptability
656,adapt to changes,adaptability
657,advanced communication proficiency,communication
658,detail-oriented approach,detail-oriented
659,client relationship management,relationship management
660,communication skills,communication
661,creative thinking,creativity
662,critical problem-solving abilities,critical thinking
663,meeting deadlines effectively,punctuality
664,efficient task management skills,task management
665,effective team player,teamwork
666,effective communication,communication
667,adaptability in challenging scenarios,adaptability
668,adapt to change,adaptability
669,advanced communication skills,communication
670,detailed task management,task management
671,client relations management,relationship management
672,communication excellence,communication
673,creativity in problem-solving,creativity
674,critical thinking abilities,critical thinking
675,meeting tight timelines,punctuality
676,efficient task coordination,task management
677,effective team collaboration,teamwork
678,effective communication proficiency,communication
679,adaptability under stress,adaptability
680,adapt quickly to change,adaptability
681,advanced communication capability,communication
682,detailed task organization,task management
683,client relationship development,relationship building
684,clear and effective communication,communication
685,creative approach to problems,creativity
686,critical thinking skills,critical thinking
687,meeting schedules,punctuality
688,efficient time management,time management
689,adaptability under pressure,adaptability
690,quick adaptability,adaptability
691,advanced communicator,communication
692,attention to detail,detail-oriented
693,client relationship management,relationship management
694,clear communication,communication
695,creative thinker,creativity
696,critical problem-solver,critical thinking
697,meeting deadlines,punctuality
698,efficient task management,task management
699,effective team player,teamwork
700,effective communication skills,communication
701,adaptability under pressure,adaptability
702,adapt to changes,adaptability
703,advanced communication proficiency,communication
704,detail-oriented approach,detail-oriented
705,client relationship management,relationship management
706,communication skills,communication
707,creative thinking,creativity
708,critical problem-solving abilities,critical thinking
709,meeting deadlines effectively,punctuality
710,efficient task management skills,task management
711,effective team player,teamwork
712,effective communication,communication
713,adaptability in challenging scenarios,adaptability
714,adapt to change,adaptability
715,advanced communication skills,communication
716,detailed task management,task management
717,client relations management,relationship management
718,communication excellence,communication
719,creativity in problem-solving,creativity
720,critical thinking abilities,critical thinking
721,meeting tight timelines,punctuality
722,efficient task coordination,task management
723,effective team collaboration,teamwork
724,effective communication proficiency,communication
725,adaptability under stress,adaptability
726,adapt quickly to change,adaptability
727,advanced communication capability,communication
728,detailed task organization,task management
729,client relationship development,relationship building
730,clear and effective communication,communication
731,creative approach to problems,creativity
732,critical thinking skills,critical thinking
733,meeting schedules,punctuality
734,efficient time management,time management
735,adaptability under pressure,adaptability
736,quick adaptability,adaptability
737,advanced communicator,communication
738,attention to detail,detail-oriented
739,client relationship management,relationship management
740,clear communication,communication
741,creative thinker,creativity
742,critical problem-solver,critical thinking
743,meeting deadlines,punctuality
744,efficient task management,task management
745,effective team player,teamwork
746,effective communication skills,communication
747,adaptability under pressure,adaptability
748,adapt to changes,adaptability
749,advanced communication proficiency,communication
750,detail-oriented approach,detail-oriented
751,client relationship management,relationship management
752,communication skills,communication
753,creative thinking,creativity
754,critical problem-solving abilities,critical thinking
755,meeting deadlines effectively,punctuality
756,efficient task management skills,task management
757,effective team player,teamwork
758,effective communication,communication
759,adaptability in challenging scenarios,adaptability
760,adapt to change,adaptability
761,advanced communication skills,communication
762,detailed task management,task management
763,client relations management,relationship management
764,communication excellence,communication
765,creativity in problem-solving,creativity
766,critical thinking abilities,critical thinking
767,meeting tight timelines,punctuality
768,efficient task coordination,task management
769,effective team collaboration,teamwork
770,effective communication proficiency,communication
771,adaptability under stress,adaptability
772,adapt quickly to change,adaptability
773,advanced communication capability,communication
774,detailed task organization,task management
775,client relationship development,relationship building
776,clear and effective communication,communication
777,creative approach to problems,creativity
778,critical thinking skills,critical thinking
779,meeting schedules,punctuality
780,efficient time management,time management
781,adaptability under pressure,adaptability
782,quick adaptability,adaptability
783,advanced communicator,communication
784,attention to detail,detail-oriented
785,client relationship management,relationship management
786,clear communication,communication
787,creative thinker,creativity
788,critical problem-solver,critical thinking
789,meeting deadlines,punctuality
790,efficient task management,task management
791,effective team player,teamwork
792,effective communication skills,communication
793,adaptability under pressure,adaptability
794,adapt to changes,adaptability
795,advanced communication proficiency,communication
796,detail-oriented approach,detail-oriented
797,client relationship management,relationship management
798,communication skills,communication
799,creative thinking,creativity
800,critical problem-solving abilities,critical thinking
801,meeting deadlines effectively,punctuality
802,efficient task management skills,task management
803,effective team player,teamwork
804,effective communication,communication
805,adaptability in challenging scenarios,adaptability
806,adapt to change,adaptability
807,advanced communication skills,communication
808,detailed task management,task management
809,client relations management,relationship management
810,communication excellence,communication
811,creativity in problem-solving,creativity
812,critical thinking abilities,critical thinking
813,meeting tight timelines,punctuality
814,efficient task coordination,task management
815,effective team collaboration,teamwork
816,effective communication proficiency,communication
817,adaptability under stress,adaptability
818,adapt quickly to change,adaptability
819,advanced communication capability,communication
820,detailed task organization,task management
821,client relationship development,relationship building
822,clear and effective communication,communication
823,creative approach to problems,creativity
824,critical thinking skills,critical thinking
825,meeting schedules,punctuality
826,efficient time management,time management
827,adaptability under pressure,adaptability
828,quick adaptability,adaptability
829,advanced communicator,communication
830,attention to detail,detail-oriented
831,client relationship management,relationship management
