Skills,0
,3
.NET Development,4
.NET Framework,90
3D Modeling,1
3GPP (Telecommunication),1
5G Technology,3
64bit,1
AAA Video Games,1
ADO.NET (Programming Language),4
AI/ML Inference,2
AIOps (Artificial Intelligence For IT Operations),15
ANSYS Meshing,7
API Design,7
API Gateway,6
API Management,1
API Testing,4
ARM Architecture,5
ASP.NET,38
ASP.NET Core,2
ASP.NET MVC Framework,5
ASP.NET Web API,1
AUTomotive Open System Architecture (AUTOSAR),2
AWS CLI (Command Line Interface),2
AWS Certified DevOps Engineer,6
AWS Certified Developer,6
AWS Certified Solutions Architect,1
AWS Certified Solutions Architect Professional,6
AWS Cloud Development Kit (CDK),1
AWS CloudFormation,11
AWS CodeBuild,3
AWS CodeCommit,1
AWS CodeDeploy,3
AWS CodePipeline,1
AWS Glue,1
AWS Internet Of Things (IoT),4
AWS Kinesis,4
AWS Lambda,3
AWS OpsWorks,1
AWS Serverless,3
Ability To Meet Deadlines,6
Abstractions,1
Acceptance Testing,28
Access Controls,17
Account Management,3
Accountability,12
Accounting,3
Action Oriented,1
Active Directory,15
Active Server Pages (ASP),13
Ad Hoc Reporting,2
Adafruit,3
Adaptability,3
Adaptive Design,2
Address Resolution Protocols,1
Administrative Functions,1
Admob,3
Adobe Analytics,3
Adobe Experience Manager,10
Adobe Illustrator,1
Adobe Photoshop,1
Adobe XD,1
Advanced Analytics,1
Advanced Business Application Programming (ABAP),1
Advertisement,6
Advertising Networks,3
Advising,2
Advocacy,11
Aesthetic Design,1
Agile Methodology,235
Agile Projects,2
Agile Software Development,17
Agriculture,1
Air Traffic Management,5
Airspace,2
Akka (Toolkit),5
Alarm Devices,5
Algorithm Design,14
Algorithmic Trading,7
Algorithms,115
Alibaba Cloud,2
Alteryx,1
Amazon API Gateway,1
Amazon Aurora,6
Amazon CloudWatch,6
Amazon Cloudfront,1
Amazon Cognito,2
Amazon DynamoDB,10
Amazon ElastiCache,1
Amazon Elastic Compute Cloud,18
Amazon Elastic Container Service,15
Amazon Redshift,8
Amazon Relational Database Services,7
Amazon S3,19
Amazon S3 Buckets,1
Amazon Virtual Private Cloud (VPC),1
Amazon Web Services,199
Analog Devices,1
Analytic Applications,1
Analytical Skills,49
Analytical Thinking,8
Analytics,8
Android (Operating System),47
Android Applications,6
Android Debug Bridge,2
Android Development,8
Android Jetpack,1
Android NDK,2
Android SDK,4
Android Studio,4
Angular (Web Framework),102
Animations,10
Anomaly Detection,5
Ansible,31
Ansible Playbook,1
Anti-Spam Techniques,1
Apache ActiveMQ,2
Apache Airflow,9
Apache Ant,13
Apache Beam,1
Apache Camel,3
Apache Cassandra,8
Apache Druid,2
Apache Flink,23
Apache Flume,4
Apache HBase,5
Apache HTTP Server,1
Apache Hadoop,26
Apache Hive,10
Apache IBATIS,2
Apache Ignite,3
Apache JMeter,5
Apache Kafka,69
Apache Lucene,1
Apache Maven,33
Apache NiFi,2
Apache Solr,6
Apache Spark,33
Apache Storm,1
Apache Struts,19
Apache Subversion,15
Apache Tomcat,18
Apache Yarn,2
Apache Zookeeper,3
Apex Code,1
Apigee,3
App Store (IOS),1
Appcelerator,2
Appium,7
Apple IOS,38
Apple Xcode,6
Application Data,1
Application Deployment,9
Application Design,3
Application Development,52
Application Environments,4
Application Frameworks,2
Application Lifecycle Management,9
Application Monitoring,2
Application Performance Management,6
Application Programming Interface (API),153
Application Release Automation,1
Application Security,6
Application Servers,10
Application Services,4
Applications Architecture,1
Applications Of Artificial Intelligence,1
Applied Mathematics,2
Applied Research,6
Aquaculture,2
Arbitrage,2
ArcGIS (GIS Software),3
Architectural Design,23
Architectural Patterns,8
Argo CD,1
Artifactory,6
Artificial Intelligence,98
Artificial Intelligence Systems,4
Artificial Neural Networks,3
Arts Administration,1
Aruba (Network Management Software),5
Aruba ClearPass,1
Asset Classes,1
Asset Management,8
Asynchronous Javascript and XML (AJAX),9
Atlassian Bamboo,15
Atlassian Confluence,30
Audiology,1
Audit Command Language,1
Audit Planning,2
Auditing,14
Augmented Reality,2
Authentications,22
Authorization (Computing),19
AutoCAD,2
Autodesk,11
Autodesk Maya,1
Autodesk Revit,1
Automated Teller Machine,3
Automation,171
Automotive Finance,1
Automotive Industry,1
Automounter (Sun Microsystems Software),1
Autonomous System,1
Autonomous Vehicles,4
Autoscaling,3
Aviation,1
Aviation Safety,1
Avionics,1
Axure RP,1
Azure Automation,2
Azure DevOps,15
Azure Monitor,3
BACnet,4
BIOS,1
Back End (Software Engineering),67
Backup Devices,7
Balancing (Ledger/Billing),1
Balsamiq Studios,1
Bank Compliance,1
Banking,16
Banking Services,5
Barcoding,1
Bare Metal,2
Base SAS,7
Bash (Scripting Language),41
Basic Research,1
Bayesian Statistics,1
Behavior-Driven Development,12
Behavioral Analytics,3
Benchmarking,3
Bid Management,3
Big Data,64
Big O Notation,2
BigQuery,4
Bill Of Materials,1
Billing,3
Binance,3
Binary Space Partitioning,1
Bioinformatics,1
Biological Engineering,1
Biotechnology,2
Bitbucket,33
Black-Box Testing,3
Blazor,1
Blockchain,32
Blogs,10
Bluetooth,5
Bluetooth Low Energy (Bluetooth),1
Board Bring-Up,1
Booking (Resource Planning Software),1
Booking (Sales),1
Booting (BIOS),4
Bootstrap (Front-End Framework),9
Bottleneck Analysis,3
Boundary Scan,1
Boundary Testing,1
Brainstorming,1
Branding,1
Broadband,4
Browser Compatibility,8
Budgeting,1
Bug Tracking And Management,2
Build Automation,11
Build Management,1
Build Pipeline,1
Build Tools,8
Building Automation,8
Building Performance,1
Bundler,2
Bus Analyzer,1
Business Acumen,1
Business Analysis,4
Business Analytics,2
Business Architecture,4
Business Communication,2
Business Continuity Planning,6
Business Development,7
Business Development Company (BDC),1
Business Efficiency,2
Business Ethics,2
Business Expansion,3
Business Intelligence,14
Business Intelligence Tools,1
Business Logic,8
Business Metrics,7
Business Objectives,12
Business Operations,5
Business Process,21
Business Process Automation,11
Business Process Management,1
Business Reporting,1
Business Requirements,51
Business Risk Management,1
Business Software,8
Business Strategies,3
Business Support Systems,1
Business Systems,1
Business To Business,12
Business Transaction Management,1
Business Valuation,3
Business Workflow Analysis,1
Business Writing,1
Business-To-Consumer,2
C (Programming Language),99
C# (Programming Language),154
C++ (Programming Language),195
C++ Server Pages,1
C-Based Programming Languages,1
CA Workload Automation Ae,1
CAN Bus,2
CI/CD,102
CMake,1
CNC Milling,1
COBOL (Programming Language),6
CSS Frameworks,1
Calculations,2
Cantonese Chinese,2
Capital Markets,12
Carpentry,1
Cascading Style Sheets (CSS),102
Cash Management,3
Causal Inference,2
CentOS,14
Certified Ethical Hacker,2
Certified Information Security Manager,1
Certified Information System Auditor (CISA),1
Certified Information Systems Security Professional,3
Certified International Property Specialist,1
Certified Power Quality Professional,1
Certified Risk Adjustment Coder (CRC),1
Certified Scrum Developer (CSD),3
Certified Scrum Master,1
Certified Software Development Professional,1
Chai (Software),1
Change Control,1
Change Management,22
Change Requests,21
ChangeMan (Software),1
ChatGPT,1
ChatOps,4
Checkmarx,5
Chef (Configuration Management Tool),14
Chemistry,4
Chinese Language,4
Cipher,1
Circleci,5
Circuit Design,5
Cisco Certified Network Associate,4
Cisco Discovery Protocol,2
Cisco Networking,2
Cisco Routers,4
Claroty,2
ClickHouse DBMS,8
Client Onboarding,5
Clojure,7
Cloud Applications,10
Cloud Computing,41
Cloud Computing Architecture,9
Cloud Database,1
Cloud Development,4
Cloud Engineering,4
Cloud Financial Management (FinOps),4
Cloud Foundry,3
Cloud Infrastructure,38
Cloud Management,6
Cloud Migration,1
Cloud Operations,10
Cloud Security,2
Cloud Services,29
Cloud Technologies,29
Cloud-Native Applications,1
Cloud-Native Architecture,3
Cloud-Native Computing,24
Cloud-Native Development,5
Cloud-Native Infrastructure,2
Coaching,12
Code Comments,2
Code Coverage,4
Code Generation,1
Code Refactoring,1
Code Review,93
Code Signing,1
Code Structure,6
Code Testing,11
CodeIgniter,4
Codebase,13
Collaboration,37
Collaborative Software,5
Collateral Management,1
Collections,1
Colocation,1
Command Controls,2
Command-Line Interface,17
Command-Query Responsibility Segregation (Software Development),3
Commercial Development,1
Commercial Real Estate,1
Commercialization,5
Commissioning,9
Commodity Market,4
Commodity Trading,4
Communications,396
Communications Protocols,14
Communications Systems,3
Community Management,3
CompTIA Linux+,1
Compassion,49
Compatibility Testing,3
Compiler Development,4
Compilers,4
Complex Problem Solving,2
Compliance Auditing,2
Compliance Management,1
Compliance Reporting,1
Component Libraries,3
Component Object Model (COM),4
Computational Complexity Theories,2
Computer Architecture,5
Computer Clusters,1
Computer Data Storage,1
Computer Engineering,107
Computer Hardware,4
Computer Networks,12
Computer Numerical Control (CNC),1
Computer Programming,6
Computer Room Air Conditioning (CRAC) Units,3
Computer Science,498
Computer Systems,1
Computer Vision,11
Computer-Aided Design,3
Computing Platforms,14
Concept Arts,1
Conceptual Design,2
Concision,1
Concurrency Pattern,6
Concurrent Computing,4
Concurrent Versions System (Software),1
Condition Monitoring,1
Configuration Management,25
Confluent,2
Conformance Testing,1
Consensus Mechanism,1
Consolidation,2
Constructive Feedback,7
Consulting,38
Containerization,41
Content Creation,21
Content Delivery Networks,1
Content Management,5
Content Management Systems,3
Continuous Availability,1
Continuous Delivery,19
Continuous Deployment,10
Continuous Improvement Process,4
Continuous Integration,73
Continuous Monitoring,2
Control Deficiency Management,2
Control Systems,1
Control-M (Batch Scheduling Software),13
Convolutional Neural Networks,1
Cooperation,3
Coordinating,27
Core Banking,12
Core Data (Software),1
Core Product,3
Corporate Development,1
Corporate Services,2
Corporate Social Responsibility,2
Corrective And Preventive Action (CAPA),1
Corrective Maintenance,1
Courage,9
Course Evaluations,1
Creative Arts,1
Creative Problem Solving,9
Creativity,77
Credit Control,2
Credit Risk,3
Credit/Debit Card Processing,1
Critical Thinking,25
Crypto Mining,1
Cryptocurrency,7
Cryptocurrency Wallets,1
Cryptographic Keys,1
Cryptography,5
Crystal Reports (Reporting Software),6
Cucumber (Software),8
Curiosity,82
Customer Acquisition Management,2
Customer Advocacy,1
Customer Communications Management,2
Customer Demand Planning,1
Customer Development,3
Customer Engagement,5
Customer Information Control System (CICS),2
Customer Relationship Management,6
Customer Service,34
Customer Success Management,2
Customer Support,14
Cyber Engineering,2
Cyber Security,31
Cyber Security Systems,1
Cyber Threat Intelligence,1
CyberArk,4
CyberX,2
D3.js (Javascript Library),2
DB2 SQL,1
DISC Assessments,2
DNA Sequencing,2
Das U-Boot,1
Dashboard,10
Data Access,2
Data Access Object (DAO) Patterns,2
Data Acquisition,4
Data Analysis,68
Data Architecture,8
Data Auditing,2
Data Centers,12
Data Classification,3
Data Cleansing,2
Data Collection,5
Data Consistency,2
Data Definition Language,3
Data Dictionary,2
Data Distribution Services,1
Data Encryption,1
Data Engineering,30
Data Entry,1
Data Exchange,1
Data Extraction,2
Data Governance,4
Data Hiding (Encapsulation),2
Data Infrastructure,8
Data Ingestion,12
Data Integration,14
Data Integrity,11
Data Interfaces,2
Data Lakes,7
Data Management,16
Data Manipulation,5
Data Mart,2
Data Migration,6
Data Mining,13
Data Modeling,28
Data Normalization,2
Data Partitioning,1
Data Pipelines,25
Data Preprocessing,4
Data Processing,21
Data Protection Planning,3
Data Quality,11
Data Recording,3
Data Reporting,1
Data Science,21
Data Security,10
Data Storage,17
Data Store,2
Data Storytelling,1
Data Strategy,1
Data Streaming,4
Data Structures,77
Data Synthesis,1
Data Transfer Object,2
Data Transformation,8
Data Transmissions,1
Data Validation,1
Data Visualization,8
Data Warehousing,21
Data Wrangling,1
Data-Driven Decision Making,6
Database Administration,12
Database Application,2
Database Architecture,1
Database Cluster,1
Database Deployment Management,1
Database Design,16
Database Management,3
Database Management Systems,1
Database Schema,3
Database Security,3
Database Servers,1
Database Storage Structures,4
Database Systems,11
Database Testing,2
Database Tuning,1
Databricks,2
Datadog,4
Dataflow,6
DbUnit,1
Debian Linux,4
Debugging,154
Decentralized Finance (DeFi),5
Decision Making,13
Decision Science,7
Decision Tree Learning,1
Decisiveness,1
Deep Learning,23
Defect Tracking,2
Defense In Depth,1
Delivery Pipelines,7
Demand Analysis,2
Demand Planning,2
Demilitarized Zones (DMZ),2
Demonstration Skills,2
Dental Health,1
Dependency Analysis,2
Dependency Management,1
Deployment Support,3
Derivatives,4
Design And Technology,1
Design Elements And Principles,18
Design Reviews,1
Design Software,1
Design Specifications,17
Design Thinking,2
Desktop Support,2
Detail Oriented,42
Deterministic Methods,1
DevOps,130
DevSecOps,9
Developing Training Materials,2
Development Environment,32
Development Testing,12
Device Drivers,4
Device Management,2
Devtools,1
Diagnostic Skills,1
Digital Assets,3
Digital Banking,7
Digital Communications,2
Digital Content,2
Digital Data,1
Digital Image Processing,14
Digital Marketing,3
Digital Security,3
Digital Signal Processing,1
Digital Strategy Development,1
Digital Subscriber Line,2
Digital Technology,6
Digital Transformation,19
DigitalOcean,1
Digitization,2
Dimensional Analysis,3
Direct-to-Consumer (DTC),1
Directory Service,2
Disaster Recovery,10
Discussion Facilitation,2
Disease Prevention,4
Disk Storage,1
Disruptive Innovation,1
Distributed Computing,6
Distributed Control Systems,2
Distributed Data Store,2
Distributed Database,1
Distributed Denial-Of-Service (DDoS) Attacks,1
Distributed Transaction,1
Django (Web Framework),7
Docker (Software),107
Docker Compose,2
Docker Swarm,2
DocuSign (Software),1
Document Object Model,3
Document Review,2
Document-Oriented Databases,2
Dojo Toolkit,1
Domain Controllers,1
Domain Driven Design,1
Drools,1
Drupal,1
Due Diligence,1
Durandal,1
Dynamic Application Security Testing (DAST),2
Dynamic Content,1
Dynamic HTML,4
Dynamic Host Configuration Protocol (DHCP),6
Dynatrace,4
E-Commerce,4
ECMAScript (C Programming Language Family),1
ECMAScript 2015,7
ECMAScript 2016,1
Earth Science,1
Eclipse (Software),19
Ecology,1
Economic Development,3
Economic Growth,2
Economics,7
Edge Computing,4
Elastic (ELK) Stack,5
Elasticsearch,26
Electric Power Systems,1
Electric Vehicles,1
Electrical Engineering,31
Electrical Equipment,1
Electronic Components,4
Electronic Design,1
Electronic Engineering,29
Electronic Trading,1
Electronic Trading Platform,3
Electronics,18
Elixir (Programming Language),1
Emacs,1
Embedded C,2
Embedded Firmware,2
Embedded Software,22
Embedded Systems,32
Ember.js (Javascript Library),2
Emergency Response,9
Emerging Technologies,24
Empathy,13
Employee Assistance Programs,2
Employee Coaching,2
Employee Engagement,1
Empowerment,9
Emulators,3
Encapsulation (Networking),2
Encryption,5
End-User Training And Support,6
Endoscopy,1
Energetic,12
Energy Management,3
Energy Management Systems,3
Energy Market,2
Energy Supply,2
Energy Trading,3
Engineering Change Order,2
Engineering Design Process,9
English Language,68
Enovia (PLM Software),3
Enterprise Application Integration,1
Enterprise Application Software,16
Enterprise Architecture,1
Enterprise Content Management,1
Enterprise Document Management System,3
Enterprise Integration,8
Enterprise JavaBeans,3
Enterprise Messaging Systems,6
Enterprise Resource Planning,6
Enterprise Service Bus,2
Enthusiasm,47
Entity Framework,8
Entity Framework (EF) Core,2
Entrepreneurship,3
Environment Health And Safety,1
Environmental Control,1
Environmental Social And Corporate Governance (ESG),2
Enzyme (JavaScript Testing Utility),3
Epic EMR,4
Equities,4
Equity Trading,3
Erlang,2
Erwin (Data Modeling Software),1
Eslint,2
Espresso (Android Testing Framework),3
EtherCAT,1
Ethereum,8
Ethereum Virtual Machine,1
Ethernet,2
Ethical Standards And Conduct,16
Event Management,10
Event-Driven Programming,7
Excel Formulas,1
Excel Macros,4
Excel Solver,1
Exception Handling,2
Execution Management Systems,1
Experimentation,5
Exploratory Data Analysis,2
Exploratory Testing,3
Export Control,1
Express.js (Javascript Library),4
Ext JS,1
Extensible HyperText Markup Language (XHTML),3
Extensible Markup Language (XML),38
Extensible Stylesheet Language Transformations (XSLT),4
External Auditing,1
External Testing,1
Extract Transform Load (ETL),35
Extreme Programming,3
FASTA Format,1
Facility Management,4
Failure Causes,1
FastAPI,2
Fat Client,1
Fault Tolerance,7
Feasibility Studies,5
Feature Engineering,2
FedRAMP,1
FibreChannel,1
Field Service Management,3
Field-Programmable Gate Array (FPGA),3
Fieldbus,1
Figma (Design Software),4
File Systems,3
File Transfer Protocol (FTP),1
Filing,1
Finance,31
Financial Accounting,2
Financial Data,1
Financial Market,6
Financial Services,47
Financial Statements,4
Financial Systems,5
Financial Technology (FinTech),32
Fire And Life Safety,3
Firebase,5
Firewall,26
Firmware,32
Firmware Development,3
Firmware Updates,2
Fixed Income,2
Flask (Web Framework),9
Flight Planning,1
Flowcharts,4
Fluentd,2
Flutter (Software),12
Focus Group,1
Forecasting,6
Foreign Direct Investments,1
Foreign Exchange Markets,1
Foreign Language,1
Fortify Static Code Analysis (SCA),1
Fortinet,5
Framework Design,1
Freight Forwarding,1
French Language,1
Froglogic Squish,1
Front End (Software Engineering),97
Front End Design,93
Front Office,3
Front-End Engineering,5
Full Stack Development,108
Functional Design,4
Functional Programming,10
Functional Requirement,26
Functional Safety,5
Functional Skills Qualification,1
Functional Specification,7
Functional Testing,11
Futures Exchange,9
GNU Debuggers,1
Game Engine,3
Game Mechanics,2
Game Programming,1
Gap Analysis,1
Gatling (Software),1
General Insurance,1
Generative Artificial Intelligence,10
Generic Programming,2
Genomics,2
Geographic Information Systems,3
Geoprocessing,1
Geospatial Databases,1
Git (Version Control System),123
Git Flow,2
Github,30
Gitlab,30
Global File System,1
Global Marketing,3
Go (Programming Language),96
Go-to-Market Strategy,3
Goal-Oriented,3
Good Language Learner Studies,1
Good Manufacturing Practices,3
Google Analytics,3
Google Calendar,2
Google Cloud Build,2
Google Cloud Platform (GCP),19
Google Gson (Java Library),1
Google Kubernetes Engine (GKE),3
Google Play,1
Google Workspace,5
Governance,26
Governance Risk Management And Compliance,2
Gradle,24
Grafana,20
Grails (Framework),1
Grammar,1
Graph Database,2
GraphQL,7
Graphic Design,3
Graphical User Interface,34
Graphite (Software),1
Groovy (Programming Language),2
Group Dynamics,2
Growth Mindedness,3
Growth Strategies,3
Grunt.js (Javascript Library),1
Gulp.js (Javascript Library),1
H2O.ai,1
HP Loadrunner,4
HP-UX,2
HTML5,42
HVAC,2
Hadoop Distributed File System (HDFS),4
Hardening,3
Hardware Acceleration,2
Hardware Architecture,5
Hardware Configuration Management,1
Hardware Interface Design,13
Hardware Platform Interface,1
Hardware Troubleshooting,2
Haskell (Programming Language),4
Hazard Analysis,1
Health Equity,2
Healthcare Industry Knowledge,4
Hedge Funds,2
Help Desk Support,4
Heroku,4
Hibernate (Java),34
High Performance Computing,2
High Tech Manufacturing,3
High-Frequency Trading,4
High-Level Architecture,1
Honesty,7
Hornetq,3
Host Based Security System (HBSS),1
Hotfix,2
Housekeeping,1
HubSpot CRM,1
Human Capital,3
Human Development,2
Human Interface Guidelines,1
Human Machine Interfaces,11
Humility,2
Hybrid Cloud Computing,4
Hybrid Fiber-Coaxial,2
Hyper-V,3
HyperText Markup Language (HTML),95
Hyperledger,2
Hyperparameter Optimization,2
Hypervisor,1
IBM AIX,2
IBM Cloud Computing,1
IBM Cognos Business Intelligence,1
IBM DB2,7
IBM HTTP Servers,1
IBM Mobile,4
IBM Parallel Sysplex,1
IBM RPG (Programming Language),1
IBM Rational ClearCase,2
IBM VNET,1
IBM WebSphere MQ,34
IBM Websphere Application Server,17
IDoc,1
IEC 60601,1
IEC 62304,1
IEEE 802.11,2
IOS Applications,1
IOS Development,3
IPTV,2
ISO 13485 Standard,1
ISO 14000 Series,1
ISO 20022,3
ISO 8583 Standard,1
ISO/IEC 27000 Series,1
ISO/IEC 27001,2
IT Asset Management,1
IT Capacity Management,7
IT Infrastructure,8
IT Risk Management,3
IT Security Architecture,1
IT Service Management,13
ITIL Certifications,1
Ideation,2
Identity And Access Management,13
Incident Management,14
Incident Reporting,1
Incident Response,2
Independent Thinking,1
Indexing,3
Industrial Automation,4
Industrial Design,5
Industrial Engineering,3
Industrial Internet Of Things (IIoT),3
Industrialization,1
Influencing Skills,18
InfluxDB,4
Informatica,2
Informatics,2
Information And Communications Technology,9
Information Display Systems,1
Information Gathering,5
Information Management,2
Information Privacy,44
Information Retrieval,6
Information Security Management Systems,1
Information Systems,22
Information Systems Security,3
Information Technology,114
Information Technology Architecture,1
Information Technology Consulting,1
Information Technology Infrastructure Library,10
Information Technology Management,1
Information Technology Operations,7
Information Visualization,1
Informed Consent,8
Infrastructure Architecture,3
Infrastructure As A Service (IaaS),15
Infrastructure Automation,3
Infrastructure Management,8
Infrastructure Security,4
Infrastructure as Code (IaC),23
Ingenuity,1
Innovation,207
Input/Output,10
Institutional Investing,2
Instrument Control,1
Integrated Circuits,4
Integrated Development Environments,3
Integration Testing,19
Intellectual Curiosity,11
IntelliJ IDEA,10
Intelligent Systems,1
Intercultural Competence,1
Interest Rate Derivatives,3
Interest Rate Risk,7
Interface Design,7
Intermec,1
Internal Auditing,1
Internal Controls,1
Internal Documentation,3
International Finance,3
Internet Control Message Protocol (ICMP),3
Internet Hosting Service,1
Internet Information Services,1
Internet Of Things (IoT),44
Internet Protocols Suite,4
Internet Services,1
Internet Small Computer System Interface (ISCSI),1
Interoperability,4
Interpersonal Communications,36
Intrusion Detection And Prevention,1
Intrusion Detection Systems,2
Inventory Control,1
Inventory Management,2
Inventory Staging,3
Investigation,1
Investment Banking,4
Investment Decisions,2
Investment Management,2
Investment Performance,1
Investments,4
Investor Relations,1
Invoicing,2
Issue Tracking,7
Istio,2
Iterative And Incremental Development,8
JBoss EAP,2
JDeveloper,1
JIRA,52
JMP (Statistical Software),1
JPA2,9
JQuery,46
JSLint,1
JSON,39
JSON Web Signature (JWS),3
JSON Web Token (JWT),6
Japanese Language,1
Jasmine (JavaScript Testing Framework),4
JasperReports,2
Java (Programming Language),317
Java 11,3
Java 8,5
Java Business Process Management,2
Java Database Connectivity,10
Java Development Kit,1
Java Enterprise Edition,14
Java Message Service (JMS),7
Java Naming And Directory Interface,1
Java Native Interface,2
Java Persistence API,2
Java Platform Enterprise Edition (J2EE),47
Java Platform Standard Edition (J2SE),2
Java Servlet,6
Java Virtual Machine (JVM),5
Java Web Start,3
JavaBeans,4
JavaScript (Programming Language),188
JavaScript Frameworks,18
JavaScript Libraries,1
JavaServer Faces,7
JavaServer Pages,12
Jenkins,74
Jest (JavaScript Testing Framework),7
Jetty,8
Job Control Language (JCL),2
Job Scheduling (Inventory Management),9
Job/Batch Scheduling,4
Joint Ventures,1
Junit,19
Jupyter,3
Kanban Principles,1
Keras (Neural Network Library),2
Kernel-Based Virtual Machine,6
Key Management,2
Key Opinion Leader Development,1
Key Performance Indicators (KPIs),6
Kibana,6
Knockout.js (Javascript Library),2
Know Your Customer,3
Knowledge Transfer,4
Korean Language,4
Kotlin,28
Kubernetes,107
LED Lamps,1
LESS,9
LTE (Telecommunication),5
LabVIEW,1
Landscaping,1
Laravel,13
Large Language Modeling,1
Laser Engraving,3
Lasers,3
Leadership,61
Leadership Development,7
Lean Manufacturing,2
Lean Startup Methodology,3
Learning Agility,2
Learning Development,1
Legacy System Migration Workbench,1
Life Sciences,3
Lightweight Directory Access Protocols,8
LinkedIn,3
Linux,183
Linux Administration,3
Linux Commands,2
Linux Distribution,7
Linux Kernel,7
Linux On Embedded Systems,12
Linux Scripting,1
Linux Security Modules,1
Linux Servers,4
Linux Virtual Server,2
Liquibase,1
Liquidity Risk,1
Live Broadcast,1
Live Streaming,6
Load Balancing,5
Load Testing,2
Local Area Networks,1
Localization,2
Location Strategy,1
Location-Based Services,1
Log Analysis,2
Log Management And Intelligence,1
Log Monitoring,1
Logic Analyzer,2
Logic Synthesis,1
Logical Reasoning,1
Logical Volume Manager,1
Logstash,1
Loose Coupling,3
Low Latency,24
Low Level Virtual Machine (Free Compilers And Interpreters),1
Low-Code Development Platform (LCDP),3
Luigi (Python Package),2
Lync SDN (Software-Defined Networking) Manager,1
MATLAB,1
MLOps (Machine Learning Operations),4
MLflow,3
MVS (OS),1
Mac OS,3
Machine Learning,83
Machine Learning Algorithms,10
Machine Learning Methods,1
Machine Learning Model Training,5
Machine Operation,1
Machine Tools,1
Machine Translation,2
Machine Vision,1
Macromedia Flex Markup Language (MXML),2
Mainframe Computing,1
Maintainability,4
Maintaining Code,2
Maintenance Testing,2
Malay Language,1
Managed Services,11
Management,145
Management Information Systems,4
Mandarin Chinese,16
Manual Testing,5
Manufacturing Automation,5
Manufacturing Execution System (MES),1
Manufacturing Operations,3
MapReduce,1
MariaDB,16
Market Data,6
Market Liquidity,12
Market Maker,2
Market Research,1
Market Risk,3
Market Trend,2
Marketing,30
Markup Languages,2
Master Of Business Administration (MBA),4
Material Requirements Planning,1
Material-UI,1
Materials Science,4
Mathematical Analysis,4
Mathematical Finance,1
Mathematical Modeling,3
Mathematics,37
Matplotlib (Python Package),1
Mean Stack,2
Mechanical Design,4
Mechanical Systems,3
Mechanics,2
Mediation,3
Medical Devices,1
Medical Imaging,1
Medical Response Technician,10
Memory Leaks,4
Memory Management,6
Mental Health,2
Mentorship,38
Merchandising,3
Mercurial,6
Mergers And Acquisitions,1
Mesh Networking,2
Message Queuing Telemetry Transport (MQTT),10
Metadata,6
Metadata Management,2
Metaverse,1
Metrology,4
Micro Focus,3
Micro Focus Application Lifecycle Management (ALM),1
Microarchitecture,1
Microcomputer,2
Microcontrollers,9
Micronaut Framework,1
Microprocessor,2
Microprocessor Architecture,1
Microservices,93
Microservices Development,3
Microsoft 365,6
Microsoft Access,10
Microsoft Azure,88
Microsoft Azure Certification,1
Microsoft Azure Expressroute,2
Microsoft Certified Professional,2
Microsoft Certified: Azure Database Administrator Associate,1
Microsoft Certified: Azure Developer Associate,6
Microsoft Certified: Azure Solutions Architect Expert,6
Microsoft Dynamics 365,1
Microsoft Dynamics CRM,6
Microsoft Dynamics NAV,1
Microsoft Excel,8
Microsoft Exchange Servers,1
Microsoft Foundation Class Library (C++ Libraries),1
Microsoft Intune (Mobile Device Management Software),1
Microsoft Office,3
Microsoft Office 365,2
Microsoft Outlook,6
Microsoft Power Automate/Flow,3
Microsoft PowerPoint,2
Microsoft SQL Servers,39
Microsoft Servers,1
Microsoft SharePoint,10
Microsoft Silverlight,2
Microsoft UI Automation,3
Microsoft Visio,3
Microsoft Visual C Sharp,1
Microsoft Visual Studio,33
Microsoft Windows,10
Microsoft Windows XP,1
Microsoft Word,27
Middle Office,2
Middleware,30
Milestones (Project Management),3
Military Standards And Specifications,3
Mitigation,2
Mixed Reality,1
Mobile Application Development,66
Mobile Application Testing,6
Mobile Apps,1
Mobile Banking,2
Mobile Phones,4
Mobile UI Design,1
Mobile UX Design,1
Mocha (JavaScript Framework),6
Mock Ups,2
Mockito,5
Modbus,9
Model View Controller,36
Model View Presenter,3
Model View ViewModel,17
Modular Design,3
Modularity,1
Molecular Docking,1
MongoDB,39
Monolithic Software Architecture,3
Moodle,1
Mortgage-Backed Securities,1
Motion Control Systems,11
Motion Graphic Design,1
Motion Planning,2
MuleSoft,2
Multi-Cloud,4
Multi-Core Programming,1
Multi-Tenant Cloud Environments,3
Multicasting,1
Multimedia,2
Multimeters,1
Multiprocessing,1
Multitasking,15
Multithreading,8
Multitier Architecture,7
MyBatis,2
MySQL,81
NIST Cybersecurity Framework (CSF),1
NLTK (NLP Analysis),1
Nagios,4
Naming Conventions,1
Natural Language Processing,20
Navisworks (BIM Software),1
Near Field Communication,1
Needs Assessment,2
Negotiation,2
Neo4j,3
Nessus,1
Net Promoter Score,1
Net Zero,3
NetBackup,2
NetBeans,1
Netstat,1
Netsuite,1
Network Access Control,1
Network Administration,5
Network Architecture,2
Network Automation,1
Network Communications,2
Network Configuration And Change Management,4
Network File Systems,6
Network Infrastructure,8
Network Management,1
Network Monitoring,3
Network Operating System (NOS),1
Network Performance Management,2
Network Programming,3
Network Protocols,13
Network Provisioning,1
Network Routing,9
Network Security,6
Network Service,1
Network Sockets,1
Network Storage,2
Network Support,1
Network Switches,15
Network Testing,2
Network Topology,1
Network Traffic Analysis,2
Network Troubleshooting,6
Networking Hardware,3
New Product Development,35
New Relic (SaaS),6
Next-Generation Sequencing,1
Next.js (Javascript Library),9
Nginx,28
Nmon,1
NoSQL,34
Node.js (Javascript Library),92
Nodes (Networking),5
Non-Functional Testing,4
Non-Fungible Tokens (NFT),7
Non-Verbal Communication,1
Notion (Software),1
NuGet,2
NumPy (Python Package),3
Numerical Analysis,1
Nunit,1
Nvidia CUDA,4
OAuth,13
Object Oriented Programming And Systems,1
Object Oriented Programming Language,1
Object Storage,2
Object-Oriented Analysis And Design,6
Object-Oriented Design,14
Object-Oriented Programming (OOP),88
Object-Relational Mapping,12
Objective-C (Programming Language),15
Observability,14
Ocaml (Programming Language),2
Office Automation,2
On Prem,8
On-The-Job Training,1
Online Engineering,1
Online Service Provider,6
Open Data Protocol,2
Open Database Connectivity,5
Open Mindset,10
Open Neural Network Exchange (ONNX),1
Open Platform,2
Open Source Development,3
Open Source Technology,19
Open Systems Interconnection,2
Open Web Application Security Project (OWASP),1
Open-Source Software,5
OpenCV,2
OpenCart,1
OpenLink Endur (Software),3
OpenShift,16
OpenWrt,1
Opensearch,1
Operability,4
Operating Cost,3
Operating Systems,55
Operational Databases,1
Operational Efficiency,13
Operational Excellence,10
Operational Intelligence,2
Operational Maintenance,3
Operational Performance Management,3
Operations,116
Operations Research,3
Operations Support Systems,14
Optimism,10
Optometry,1
Oracle Business Intelligence (BI) / OBIA,1
Oracle Certified Professional (OCP),1
Oracle Data Guard,1
Oracle Databases,7
Oracle Development,1
Oracle Discoverer,1
Oracle E-Business Suite,1
Oracle Forms,1
Oracle Java Certification,1
Oracle Linux,1
Oracle SQL Developer,3
Oracle VM Server For SPARC,2
Oracle WebLogic Server,14
Order Management,1
Order Management Systems,2
Organic Growth,1
Organisational Policies,1
Organizational Development,1
Organizational Skills,9
Organizational Strategy,1
Organizational Structure,4
Oscilloscope,6
Outsourcing,2
Overcoming Obstacles,4
PHP (Scripting Language),31
PHP Development,4
PHPUnit,1
PL/I (Procedural Programming Language),1
PL/SQL,28
POSIX (IEEE Standards),2
PRINCE2  (PRojects IN Controlled Environments 2),1
PTC Windchill,3
Packaging And Labeling,6
Pair Programming,8
Palo Alto Firewalls,2
Pandas (Python Package),4
Patch Management,5
Patents,2
Pathology,1
Patience,5
Patient Flow,4
Pattern Matching,1
Pattern Recognition,1
Paving,3
Payment Card Industry (PCI) Data Security Standards,9
Payment Gateway,1
Payment Processing,1
Payment Systems,5
Peer Review,11
Pega PRPC,2
Penetration Testing,2
People Management,2
People Services,2
PeopleSoft Applications,2
PeopleSoft Financial Management,2
Perfmon,1
Perforce,3
Performance Analysis,2
Performance Appraisal,1
Performance Engineering,1
Performance Improvement,2
Performance Management,1
Performance Metric,7
Performance Profiling,4
Performance Systems Analysis,3
Performance Testing,14
Performance Tuning,15
Peripheral Devices,7
Perl (Programming Language),10
Persistence,4
Persistence Framework,1
Persona (User Experience),1
Personal Care,1
Personal Finance,2
Persuasive Communication,1
Pest Control,1
Pharmaceuticals,2
Phenotyping,4
Phone Interviews,2
Photography,1
Physical Fitness,3
Physical Therapy,1
Physics,18
Piano Pedagogy,1
Pilot Experiment,2
Pixel Perfect,1
Planning,61
Plant Design,1
Plant Design Management System (PDMS),1
Platform Agnostic,1
Platform As A Service (PaaS),13
Playwright (Software Testing),1
Podcasting,1
Policy Development,1
Portfolio Management,2
Portlet,3
Positivity,13
Post-Production,3
PostCSS,1
PostgreSQL,52
Postman API Platform,4
Postpartum Care,2
Power BI,13
Power Management,2
Powermock,1
Predictive Analytics,6
Predictive Modeling,1
Presentations,23
PrestaShop,1
Primefaces,1
Printed Circuit Board,4
Printed Circuit Board Design,1
Prioritization,14
Private Cloud,6
Pro*C,2
Proactivity,18
Problem Management,8
Problem Solving,284
Process Architecture,2
Process Control,3
Process Design,3
Process Development,4
Process Flow Diagrams,4
Process Improvement,16
Process Mapping,2
Process Safety,2
Procurement,9
Product Analysis,1
Product Backlog Grooming,1
Product Demonstration,3
Product Design,17
Product Engineering,14
Product Family Engineering,11
Product Improvement,6
Product Knowledge,3
Product Leadership,4
Product Lifecycle Management,4
Product Lining,3
Product Management,22
Product Marketing,1
Product Promotion,1
Product Requirements,10
Product Roadmap Development,2
Product Roadmaps,2
Product Strategy,1
Product Testing,4
Production Management,3
Production Process,2
Productivity Software,2
Professional Audio,1
Professional Networking,3
Professionalism,4
Profiling (Computer Programming),2
Profit And Loss (P&L) Management,2
Program Analysis,2
Program Management,3
Program Optimization,3
Program Process Monitoring,2
Programmable Logic Controllers,8
Programmable Logic Controllers Programming,3
Programming Concepts,3
Programming Tools,33
Progressive Web Apps,1
Project Coordination,1
Project Design,1
Project Documentation,6
Project Engineering,2
Project Governance,3
Project Implementation,10
Project Management,66
Project Management Life Cycle,3
Project Management Office (PMO),1
Project Management Professional Certification,1
Project Management Software,1
Project Planning,4
Project Schedules,2
Project Scoping,7
Project Stakeholders,2
Prometheus (Software),16
Proof Of Concept (POC) Development,3
Proprietary Trading,9
Prototyping,25
Provisioning Tools,1
Proxy Servers,3
Public Announcement,1
Public Cloud,25
Public Key Infrastructure,1
Public Relations,2
Public Service,1
Publish Subscribe,2
Pulse-Width Modulation,1
Punch Work,1
Puppet (Configuration Management Tool),15
Purchasing,3
Push Technology,4
PyTorch (Machine Learning Library),13
Python (Programming Language),292
QNX (Software),6
Qlik Sense (Data Analytics Software),4
QlikView (Data Analytics Software),6
Qt (Software),10
Qt Modeling Language (QML),2
Quality Assurance,29
Quality Control,4
Quality Improvement,2
Quality Management,1
Quality Management Systems,1
Quantification,1
Quantitative Investing,4
Quantitative Modeling,2
Quantum Computing,1
Quartz (Graphics Layer),2
Query Languages,2
Query Optimization,3
Query Performance,1
Queue Management,1
Quick Learning,37
R (Programming Language),14
RACI Matrix,1
REST Assured,4
RESTful API,111
RS-232,5
RabbitMQ,10
Rational Rose XDE,1
ReSharper,2
React Native,15
React Redux,12
React.js (Javascript Library),157
Real Estate,1
Real Time Data,6
Real-Time Operating Systems,18
Recommender Systems,7
Reconciliation,2
Record Keeping,1
Red Hat Certified Engineer (RHCE),1
Red Hat Enterprise Linux,16
Red Hat Linux,3
Red Hat Satellite,1
Redis,45
Reengineering,2
Reference Architecture,1
Regression Analysis,1
Regression Testing,11
Regular Expressions,1
Regulatory Compliance,5
Regulatory Requirements,2
Relational Database Management Systems,9
Relational Databases,51
Relationship Building,12
Release Engineering,2
Release Management,11
Release Notes,4
Reliability,32
Reliability Engineering,4
Remote Access Systems,2
Remote Direct Memory Access,2
Remote Operation,2
Remote Procedure Call,1
Remote Terminal Unit,3
Renewable Energy,12
Report Writing,1
Reporting Tools,6
Request For Information (RFI),1
Request For Proposal,4
RequireJS,2
Requirements Analysis,22
Requirements Elicitation,13
Requirements Specifications,5
Research,99
Research And Development,3
Research Design,4
Research Experiences,1
Resilience,24
Resource Allocation,1
Resource Management,4
Resource Utilization,5
Resourcefulness,22
Responsive Web Design,10
Return Merchandise Authorization,1
Risk Analysis,2
Risk Control,3
Risk Governance,5
Risk Management,20
Risk Mitigation,1
Risk Register,1
Riverbed (Software),2
Robot Framework,9
Robot Operating Systems,8
Robotic Automation Software,1
Robotic Process Automation,7
Robotic Systems,1
Robotics,4
RocksDB,1
Role-Based Access Control (RBAC),2
Root Cause Analysis,24
Rooting (Android OS),2
Royalties,1
Rspec,1
Ruby (Programming Language),19
Ruby On Rails,6
RubyGems,2
Rundeck,1
Rust (Programming Language),24
RxJS,1
RxJava,2
SAP Applications,7
SAP BusinessObjects,1
SAP ERP,1
SAP FI/CO,1
SAP HANA,1
SAS (Software),3
SASS,2
SLAM Algorithms (Simultaneous Localization And Mapping),1
SMTP (Simple Mail Transfer Protocol),2
SQL (Programming Language),189
SQL Injection,1
SQL Server Analysis Services,4
SQL Server Integration Services (SSIS),7
SQL Server Reporting Services,9
SQL Tuning,3
SQLAlchemy,2
SUSE Linux,2
Safety Assurance,32
Safety Instrumented Systems,2
Safety Standards,3
Sage ERP Accpac,1
Sales,23
Sales Enablement,1
Sales Process,2
Sales Prospecting,6
Salesforce,6
Salesforce Certification,2
Salesforce Certified Platform Developer I,1
Salesforce Certified Platform Developer II,1
Salesforce Development,2
Salesforce Lightning,2
Salesforce Object Query Language (SOQL),1
Salesforce Object Search Language (SOSL),1
Sanity Testing,1
Sassy Cascading Style Sheets (SCSS),3
Scala (Programming Language),35
Scalability,198
Scalability Design,2
Scalatest,5
Scaled Agile Framework,1
Scenario Testing,6
Scheduling,19
Schematic Diagrams,1
Schematic Reading,3
Scientific Instruments,1
Scientific Methods,1
Scikit-Learn (Python Package),6
Scripting,110
Scrum (Software Development),68
Search Algorithms,1
Search Engine Optimization,1
Secure Coding,10
Secure FTP (Software),3
Secure Gateway,2
Securities (Finance),7
Securities Trading,1
Security Assertion Markup Language (SAML),3
Security Awareness,1
Security Clearance,1
Security Controls,8
Security Engineering,5
Security Information And Event Management (SIEM),2
Security Policies,7
Security Requirements Analysis,5
Security Strategies,3
Security Systems,1
Security Testing,9
Selenium (Software),16
Self Service Technologies,3
Self-Awareness,1
Self-Directed Learning,2
Self-Discipline,3
Self-Motivation,99
Selling Techniques,2
Semantic Search,1
Semiconductor Fabrication Plant,3
Semiconductors,17
Sensors,8
Seq2Seq,1
Sequelize.js (Javascript Library),2
Serial Peripheral Interface,11
Server Administration,2
Server Configuration,1
Server Virtualization,2
Server-Side,22
Serverless Computing,16
Service Assurance,2
Service Component Architecture,1
Service Delivery Improvement,1
Service Design,5
Service Development,5
Service Discovery,3
Service Improvement,1
Service Industries,2
Service Innovation,2
Service Level,1
Service Level Objectives,1
Service Locator Patterns,2
Service Management,2
Service Recovery,1
Service-Level Agreement,10
Service-Oriented Architecture,9
ServiceNow,5
Session (Computer Science),2
Session Description Protocol Security Descriptions (SDES),1
Settlement,1
Shared Libraries,1
Shell Script,18
Shopify,1
Shopify App,2
Signal Processing,1
Simple Network Management Protocols,5
Simple Object Access Protocol (SOAP),25
Simulations,3
Single Sign-On (SSO),11
Sinon,1
Site Reliability Engineering,3
Sitecore (Software),2
Sitefinity,2
Sketching,1
Slack (Software),3
Slackware,1
Smart Cards,4
Smart Contracts,6
Smartphone Operation,9
Smoke Detector,1
Smoke Testing,2
Snowflake Schema,1
Social Media,4
Social Media Marketing,3
Social Progress,3
Socket Programming,3
Software Adapters,2
Software Analysis,4
Software Architecture,19
Software As A Service (SaaS),16
Software Coding,2
Software Configuration Management,2
Software Deployment,1
Software Design,65
Software Design Documents,2
Software Design Patterns,73
Software Development,263
Software Development Engineer in Test,2
Software Development Life Cycle,103
Software Development Methodologies,11
Software Documentation,31
Software Engineering,212
Software Engineering Process,2
Software Factory,1
Software Features,4
Software Installation,2
Software Maintenance,9
Software Modernization,14
Software Modules,3
Software Project Management,1
Software Quality (SQA/SQC),49
Software Quality Management,3
Software Release Life Cycle,3
Software Security,1
Software Stress Testing,2
Software Suite,3
Software Systems,30
Software Testing,48
Software Versioning,18
SolarWinds,1
Solaris (Operating System),8
Solidity (Programming Language),3
Solution Architecture,11
Solution Deployment Descriptor,4
Solution Design,11
Solutions Focused,3
SonarQube,18
Sorting,1
Source Code Control Systems,2
Source Codes,3
SpaCy (NLP Software),1
Spacecraft,1
Spark Core,1
Spark Streaming,4
Spatial Analysis,2
Spatial Data Infrastructures,1
Splunk,8
Sports Analytics,1
Spring AOP,1
Spring Batch,7
Spring Boot,80
Spring Framework,79
Spring Integration,4
Spring MVC,4
Spring Security,4
Sprint Planning,9
Sprint Retrospectives,6
Sqoop,2
Stage Management,1
Stakeholder Communications,1
Stakeholder Management,4
Stakeholder Requirements,2
Standard Operating Procedure,6
Standard Template Library (STL),2
Star Schema,1
State Machines,1
Static Application Security Testing (SAST),2
Static Program Analysis,2
Statistical Analysis,5
Statistical Modeling,1
Statistical Software,1
Statistics,4
Stepper,1
Stm32,1
Storages,1
Stored Procedure,16
Storyboarding,4
Strategic Decision Making,1
Strategic Planning,3
Strategic Thinking,4
Stream Processing,3
Strong Work Ethic,8
Structured Cabling,2
Structured Product,1
Structured Query Language Procedural Language (SQL PL),2
Style Guides,2
Styled-Components,1
Subnetwork,2
Subsidies,1
SuperTest,1
Supercomputing,1
Supervision,2
Supervisory Control And Data Acquisition (SCADA),5
Supply Chain,9
Supply Chain Management,2
Surgery,1
Sustainability Reporting,1
Sustainability Strategies,1
Sustainable Business,4
Swagger UI,1
Swaption,1
Swift (Programming Language),23
Switchgear,3
Sybase (Software),4
Symantec Backup Exec,2
Syntax,1
Sysinternals,1
Syslog,4
System Administration,11
System Deployment,2
System Implementation,3
System Integration Testing,25
System Integrity,1
System Migration,1
System Monitoring,1
System Operator Certification,1
System Programming,5
System Recovery,2
System Requirements,9
System Software,22
System Support,2
System Testing,22
Systematic Trading,1
Systems Analysis,16
Systems Architecture,12
Systems Design,68
Systems Development,4
Systems Development Life Cycle,76
Systems Engineering,18
Systems Integration,33
Systems Of Measurement,3
Systems Theories,1
Systems Thinking,1
TCP/IP,31
Tableau (Business Intelligence Software),12
Tactfulness,3
Tag Management,3
Talend,3
Talent Acquisition,2
Talent Management,7
Task Planning,7
Taxonomy,3
Tcl (Programming Language),2
Tcpdump,1
Teaching,3
Team Building,15
Team Effectiveness,3
Team Foundation Server,4
Team Leadership,18
Team Management,1
Team Oriented,14
Teamcenter (PLM Software),3
Teamcity,6
Teamwork,82
Technical Acumen,2
Technical Analysis,2
Technical Assistance,1
Technical Consulting,3
Technical Debt,5
Technical Design,30
Technical Documentation,37
Technical Leadership,9
Technical Management,3
Technical Presentations,3
Technical Services,1
Technical Support,38
Technical Training,3
Technical Writing,1
Technological Change,2
Technology Ecosystems,7
Technology Research,3
Technology Roadmaps,2
Technology Solutions,10
Technology Strategies,4
TeleCommunications Engineering,5
Telecommunications,19
Telehealth,5
Telemetry,2
Telerik,4
Templates,5
Templating,1
Tenacity,3
TensorFlow,14
Teradata SQL,4
Terraform,34
Test Automation,57
Test Case,10
Test Data,3
Test Design,1
Test Engineering,6
Test Equipment,2
Test Harness,1
Test Management,1
Test Management Tools,2
Test Operations,1
Test Planning,32
Test Strategy,3
Test Suite,3
Test Tools,11
Test-Driven Development (TDD),33
Testability,36
Testrail,3
Textiles,2
Theatre Production,1
Thought Leadership,2
TikTok,59
Time Management,13
Time Series,1
Time Series Analysis And Forecasting,2
Timelines,17
Tokenization,2
Toolchain,9
Tooling,25
Top Secret-Sensitive Compartmented Information (TS/SCI Clearance),2
Topology,1
Trade Finance,1
Trading Room,1
Trading Strategy,4
Traffic Analysis,2
Traffic Control,1
Training And Development,7
Training Documentation,1
Transact-SQL,3
Transaction Monitoring,1
Transaction Processing Systems,1
Transfer Learning,1
Transferable Skills Analysis,3
Transformation Rules,3
Transformer (Machine Learning Model),1
Transformers (Electrical),3
Transmission Control Protocol (TCP),13
Transport Layer Security (TLS),5
Transportation Security Administration (TSA),1
Travel Insurance,1
Travis Ci,1
Trend Analysis,3
Triage,3
Tridium/Niagara Framework,1
Troubleshooting (Problem Solving),189
Trustworthiness,3
TypeScript,57
UI Components,1
UI/UX Design Patterns,2
UI/UX Research,1
USB,4
Ubuntu (Operating System),17
UiPath (RPA Software),3
Unified Extensible Firmware Interface,1
Unified Field Theories (UFT),1
Unified Modeling Language,14
Unit Testing,116
Unity Engine,4
Universal Asynchronous Receiver/Transmitter,10
Unix,78
Unix Commands,1
Unix Shell,22
Unstructured Data,2
Upskilling,3
Usability,11
Usability Design,1
Usability Testing,3
Use Case Analysis,1
User Acceptance Testing (UAT),22
User Accounts,1
User Assistance,3
User Experience (UX),41
User Experience (UX) Design,12
User Feedback,6
User Information,1
User Interface (UI),36
User Interface (UI) Design,31
User Interface Testing,1
User Journey Mapping,1
User Requirements Documents,10
User Research,5
User Story,9
User-Centered Design,1
Utility Software,5
VBScript (Visual Basic Scripting Edition),2
VCloud,1
VMware Aria Suite,1
VMware Certified Professional (VCP),1
VMware ESX Servers,5
VMware Infrastructure,1
VMware VSphere,5
VMware Virtualization,1
Value Propositions,3
Value-Based Care,4
Veeam,2
Vendor Management,4
Venture Capital,1
VeraCode,1
Verbal Communication Skills,59
Verification And Validation,2
Version Control,80
Version Control Software,1
Very Large Databases (VLDB),3
Video Analytics,1
Video Conferencing,1
Video Editing,3
Video Encoding,1
Video Game Development,4
Video Hosting Services,5
Video Processing,1
Vim (Text Editor),1
Violin Teaching,1
Virtual Collaboration,1
Virtual Local Area Network (VLAN),2
Virtual Machines,5
Virtual Private Networks (VPN),8
Virtual Reality,2
Virtual Teams,2
Virtualization,15
Visionary,1
Visual Analytics,1
Visual Basic (Programming Language),18
Visual Basic .NET (Programming Language),12
Visual Basic For Applications,3
Visual C++ (Programming Language),3
Visual Communications,1
Visual Design,2
Visual Studio Tools for Office (VSTO),1
Visual Workplaces,1
Visualforce,2
Voice Over IP,2
Vue Router,1
Vue.js (Javascript Library),47
Vuetify,1
Vuex,1
Vulnerability,13
Vulnerability Assessments,2
Vulnerability Management,4
Vulnerability Scanning,2
VxWorks,3
Wafer Fabrication,1
Warehouse Management Systems,2
Warehousing,4
Wcf Rest,2
Wealth Management,6
Wearables,1
Web 2.0,2
Web 3.0,16
Web Accessibility Initiative,2
Web Application Development,15
Web Application Frameworks,10
Web Application Security,9
Web Applications,46
Web Browsers,1
Web Content Management,3
Web Design,3
Web Development,30
Web Frameworks,7
Web Pages,2
Web Performance Optimization,5
Web Platforms,2
Web Portals,1
Web Scraping,1
Web Servers,8
Web Services,61
Web Services Description Language,5
Web Standards,3
Web UI,2
Web Usability,2
WebRTC,2
WebSocket,5
Webflow,1
Webforms,6
Webpack,7
Website Architecture,2
Whatsapp,1
White Space Development,2
White-Box Testing,4
Wide Area Networks,4
WildFly (JBoss AS),21
Willingness To Learn,55
Windows Communication Foundation,5
Windows Desktop,1
Windows Forms,5
Windows PowerShell,16
Windows Presentation Foundation,19
Windows Programming,2
Windows Servers,18
Windows Software,4
Wireframing,7
Wireless Communications,4
Wireless LAN,1
Wireless Networks,1
Wireless Router,3
Wireless Security,2
WooCommerce,1
WordPress,3
Work Breakdown Structure,1
Workflow Engine,2
Workflow Management,53
Workshop Facilitation,1
Writing,97
Written English,2
X Window System,1
X86 Architecture,2
XML Schema,5
XPath,2
Xamarin,2
Xunit,3
YAML,11
Z Shell,3
Zabbix,4
Zendesk,2
Zigbee,7
Zoom (Video Conferencing Tool),4
gRPC,5
npm (Node Package Manager),4
z/OS,1
